frame,t,filtered_signal_norm_offline,displacement_norm_offline
0.000000000000000000e+00,0.000000000000000000e+00,nan,nan
1.000000000000000000e+00,1.666666666666666644e-02,6.818862833974945747e-01,4.745374381684376308e-01
2.000000000000000000e+00,5.000000000000000278e-02,6.756453313596746391e-01,4.883986061871982143e-01
3.000000000000000000e+00,8.333333333333332871e-02,6.679159269015092493e-01,5.016533063997720143e-01
4.000000000000000000e+00,1.166666666666666685e-01,6.586777718267988746e-01,5.141831585762913770e-01
5.000000000000000000e+00,1.499999999999999944e-01,6.480558884070545256e-01,5.258795920373057209e-01
6.000000000000000000e+00,1.833333333333333204e-01,6.362886295362866207e-01,5.366527378490826283e-01
7.000000000000000000e+00,2.166666666666666741e-01,6.236835287683446527e-01,5.464368569058397629e-01
8.000000000000000000e+00,2.500000000000000000e-01,6.105925776852206832e-01,5.551938282143776826e-01
9.000000000000000000e+00,2.833333333333333259e-01,5.974091415690904183e-01,5.629163951748671346e-01
1.000000000000000000e+01,3.166666666666666519e-01,5.845676878942687171e-01,5.696313905584559079e-01
1.100000000000000000e+01,3.499999999999999778e-01,5.725250529209136019e-01,5.754014916164176263e-01
1.200000000000000000e+01,3.833333333333333592e-01,5.617269561711273340e-01,5.803243478339419337e-01
1.300000000000000000e+01,4.166666666666666852e-01,5.525853785693007891e-01,5.845299337179921118e-01
1.400000000000000000e+01,4.500000000000000111e-01,5.454786343413725591e-01,5.881779072265522768e-01
1.500000000000000000e+01,4.833333333333333370e-01,5.407403021649737074e-01,5.914540997090892427e-01
1.600000000000000000e+01,5.166666666666667185e-01,5.385795283725095528e-01,5.945607526431818668e-01
1.700000000000000000e+01,5.500000000000000444e-01,5.389575472039147552e-01,5.976970658509243028e-01
1.800000000000000000e+01,5.833333333333333703e-01,5.415381173147575389e-01,6.010358568436376947e-01
1.900000000000000000e+01,6.166666666666666963e-01,5.457614613338317433e-01,6.047060216434640978e-01
2.000000000000000000e+01,6.500000000000000222e-01,5.509615268298823088e-01,6.087841961845954497e-01
2.100000000000000000e+01,6.833333333333333481e-01,5.564393835740375494e-01,6.132921766415918574e-01
2.200000000000000000e+01,7.166666666666666741e-01,5.614880110810849256e-01,6.181962846482622620e-01
2.300000000000000000e+01,7.500000000000000000e-01,5.654025933814272875e-01,6.234075402693025625e-01
2.400000000000000000e+01,7.833333333333333259e-01,5.674918931108475784e-01,6.287827274105817210e-01
2.500000000000000000e+01,8.166666666666666519e-01,5.670967241575840534e-01,6.341269086380861841e-01
2.600000000000000000e+01,8.499999999999999778e-01,5.636238636039185845e-01,6.391986008099884708e-01
2.700000000000000000e+01,8.833333333333333037e-01,5.565894631785618385e-01,6.437183568764773822e-01
2.800000000000000000e+01,9.166666666666666297e-01,5.456514325665549059e-01,6.473798885525660074e-01
2.900000000000000000e+01,9.499999999999999556e-01,5.306189746679597086e-01,6.498619371504047448e-01
3.000000000000000000e+01,9.833333333333332815e-01,5.114476552601286974e-01,6.508397575653480649e-01
3.100000000000000000e+01,1.016666666666666607e+00,4.882375865809579496e-01,6.499964597415597289e-01
3.200000000000000000e+01,1.050000000000000044e+00,4.612432786994123957e-01,6.470351231000259773e-01
3.300000000000000000e+01,1.083333333333333259e+00,4.308931264043580622e-01,6.416924399550927305e-01
3.400000000000000000e+01,1.116666666666666696e+00,3.978092162359341821e-01,6.337539130386870001e-01
3.500000000000000000e+01,1.149999999999999911e+00,3.628082140028383029e-01,6.230691226612955491e-01
3.600000000000000000e+01,1.183333333333333348e+00,3.268794464903028718e-01,6.095652741106318828e-01
3.700000000000000000e+01,1.216666666666666563e+00,2.911597844445104610e-01,5.932587743083886922e-01
3.800000000000000000e+01,1.250000000000000000e+00,2.569006256007627664e-01,5.742642178753635251e-01
3.900000000000000000e+01,1.283333333333333437e+00,2.253957899726650727e-01,5.527977156862252661e-01
4.000000000000000000e+01,1.316666666666666652e+00,1.978596904272023616e-01,5.291706643923453912e-01
4.100000000000000000e+01,1.350000000000000089e+00,1.752821170321227084e-01,5.037721219725914690e-01
4.200000000000000000e+01,1.383333333333333304e+00,1.583281535683180585e-01,4.770433304911260719e-01
4.300000000000000000e+01,1.416666666666666741e+00,1.473378115940457700e-01,4.494522101429991867e-01
4.400000000000000000e+01,1.449999999999999956e+00,1.423933868774644729e-01,4.214731382486761602e-01
4.500000000000000000e+01,1.483333333333333393e+00,1.433876352651396735e-01,3.935720774924352794e-01
4.600000000000000000e+01,1.516666666666666607e+00,1.500591397314051945e-01,3.661944791451702819e-01
4.700000000000000000e+01,1.550000000000000044e+00,1.619990827041117853e-01,3.397537176602850040e-01
4.800000000000000000e+01,1.583333333333333259e+00,1.786548797086809359e-01,3.146198103741058572e-01
4.900000000000000000e+01,1.616666666666666696e+00,1.993476278740201335e-01,2.911095062583557991e-01
5.000000000000000000e+01,1.649999999999999911e+00,2.233060278125705844e-01,2.694790362655472560e-01
5.100000000000000000e+01,1.683333333333333348e+00,2.497026545137157882e-01,2.499197095765749999e-01
5.200000000000000000e+01,1.716666666666666563e+00,2.776706415380171267e-01,2.325548189306237412e-01
5.300000000000000000e+01,1.750000000000000000e+00,3.063107883887354888e-01,2.174371036166697080e-01
5.400000000000000000e+01,1.783333333333333437e+00,3.347062045938790642e-01,2.045473614751504576e-01
5.500000000000000000e+01,1.816666666666666652e+00,3.619408080041881526e-01,1.937945123209254550e-01
5.600000000000000000e+01,1.850000000000000089e+00,3.871460863218917359e-01,1.850193303891101981e-01
5.700000000000000000e+01,1.883333333333333304e+00,4.095972634910321486e-01,1.780057222289576635e-01
5.800000000000000000e+01,1.916666666666666741e+00,4.288089268753397798e-01,1.724995077378695951e-01
5.900000000000000000e+01,1.949999999999999956e+00,4.445757013890081488e-01,1.682303925862840555e-01
6.000000000000000000e+01,1.983333333333333393e+00,4.569575147846856589e-01,1.649327845213482135e-01
6.100000000000000000e+01,2.016666666666666607e+00,4.662244659068099928e-01,1.623622839001348239e-01
6.200000000000000000e+01,2.049999999999999822e+00,4.727783945173932301e-01,1.603060204013125878e-01
6.300000000000000000e+01,2.083333333333333481e+00,4.770877777246717022e-01,1.585878815528280472e-01
6.400000000000000000e+01,2.116666666666666696e+00,4.796718453741626309e-01,1.570724949146731497e-01
6.500000000000000000e+01,2.149999999999999911e+00,4.811104833062659902e-01,1.556699872952449493e-01
6.600000000000000000e+01,2.183333333333333126e+00,4.820058681706330117e-01,1.543377337422619233e-01
6.700000000000000000e+01,2.216666666666666785e+00,4.828805925618607775e-01,1.530741131849303605e-01
6.800000000000000000e+01,2.250000000000000000e+00,4.840811137431687561e-01,1.519046884289764476e-01
6.900000000000000000e+01,2.283333333333333215e+00,4.857389896437055987e-01,1.508653446340809945e-01
7.000000000000000000e+01,2.316666666666666874e+00,4.877885049027755882e-01,1.499868107734621536e-01
7.100000000000000000e+01,2.350000000000000089e+00,4.900248044411296688e-01,1.492837423943486341e-01
7.200000000000000000e+01,2.383333333333333304e+00,4.921803705306413979e-01,1.487498049546848722e-01
7.300000000000000000e+01,2.416666666666666519e+00,4.939928430484198385e-01,1.483580785013370595e-01
7.400000000000000000e+01,2.450000000000000178e+00,4.952537885356367298e-01,1.480652888868482786e-01
7.500000000000000000e+01,2.483333333333333393e+00,4.958444943059688303e-01,1.478188474786894802e-01
7.600000000000000000e+01,2.516666666666666607e+00,4.957570176902331149e-01,1.475655424432583407e-01
7.700000000000000000e+01,2.549999999999999822e+00,4.950874481647041248e-01,1.472597013601362748e-01
7.800000000000000000e+01,2.583333333333333481e+00,4.940061357488078064e-01,1.468690178842761151e-01
7.900000000000000000e+01,2.616666666666666696e+00,4.927340529919891909e-01,1.463785237123925165e-01
8.000000000000000000e+01,2.649999999999999911e+00,4.915448792081453799e-01,1.457947240834371327e-01
8.100000000000000000e+01,2.683333333333333126e+00,4.907780679564646142e-01,1.451507585852891968e-01
8.200000000000000000e+01,2.716666666666666785e+00,4.908329081349777634e-01,1.445110959804539463e-01
8.300000000000000000e+01,2.750000000000000000e+00,4.921397877383667518e-01,1.439739743165549257e-01
8.400000000000000000e+01,2.783333333333333215e+00,4.951303707457704317e-01,1.436715010431672268e-01
8.500000000000000000e+01,2.816666666666666874e+00,5.002170848195179875e-01,1.437681436837805471e-01
8.600000000000000000e+01,2.850000000000000089e+00,5.077799479365507906e-01,1.444581868933383084e-01
8.700000000000000000e+01,2.883333333333333304e+00,5.181646881932058246e-01,1.459630419911028820e-01
8.800000000000000000e+01,2.916666666666666519e+00,5.316903046290836210e-01,1.485291497340856248e-01
8.900000000000000000e+01,2.950000000000000178e+00,5.486537924809039568e-01,1.524262538453460547e-01
9.000000000000000000e+01,2.983333333333333393e+00,5.693267581396433963e-01,1.579454089436243547e-01
9.100000000000000000e+01,3.016666666666666607e+00,5.939298600208234857e-01,1.653949830417136835e-01
9.200000000000000000e+01,3.049999999999999822e+00,6.225552736730638470e-01,1.750905764693413968e-01
9.300000000000000000e+01,3.083333333333333481e+00,6.550507841368330419e-01,1.873358464016134928e-01
9.400000000000000000e+01,3.116666666666666696e+00,6.909346659122710399e-01,2.023966526634435048e-01
9.500000000000000000e+01,3.149999999999999911e+00,7.293859288919979367e-01,2.204744382062304442e-01
9.600000000000000000e+01,3.183333333333333126e+00,7.692877563850802902e-01,2.416830178371704718e-01
9.700000000000000000e+01,3.216666666666666785e+00,8.092792949486754539e-01,2.660294305042729679e-01
9.800000000000000000e+01,3.250000000000000000e+00,8.478176125523534390e-01,2.933996529691065835e-01
9.900000000000000000e+01,3.283333333333333215e+00,8.832889917702976268e-01,3.235530458131272158e-01
1.000000000000000000e+02,3.316666666666666874e+00,9.141784923520757111e-01,3.561301037342473608e-01
1.010000000000000000e+02,3.350000000000000089e+00,9.392650010919942893e-01,3.906755099288632960e-01
1.020000000000000000e+02,3.383333333333333304e+00,9.577475828570829464e-01,4.266711042817528110e-01
1.030000000000000000e+02,3.416666666666666519e+00,9.692277834336910924e-01,4.635674629944273595e-01
1.040000000000000000e+02,3.450000000000000178e+00,9.736317352849102047e-01,5.008093664424326796e-01
1.050000000000000000e+02,3.483333333333333393e+00,9.711772144736667833e-01,5.378586822389970212e-01
1.060000000000000000e+02,3.516666666666666607e+00,9.623738808282120694e-01,5.742172671426466479e-01
1.070000000000000000e+02,3.549999999999999822e+00,9.479966056731392587e-01,6.094477761939544047e-01
1.080000000000000000e+02,3.583333333333333481e+00,9.289791680243741911e-01,6.431861309981192765e-01
1.090000000000000000e+02,3.616666666666666696e+00,9.062650024837691776e-01,6.751422773256375853e-01
1.100000000000000000e+02,3.649999999999999911e+00,8.807213031688225779e-01,7.050942030991308451e-01
1.110000000000000000e+02,3.683333333333333126e+00,8.531339835081850342e-01,7.328815609135128639e-01
1.120000000000000000e+02,3.716666666666666785e+00,8.242249358451571029e-01,7.584006447864761746e-01
1.130000000000000000e+02,3.750000000000000000e+00,7.946600230906264439e-01,7.815999939534366003e-01
1.140000000000000000e+02,3.783333333333333215e+00,7.650457921415537710e-01,8.024757387893263205e-01
1.150000000000000000e+02,3.816666666666666874e+00,7.359268168368312546e-01,8.210667382522652824e-01
1.160000000000000000e+02,3.850000000000000089e+00,7.077978835270539726e-01,8.374506734365676497e-01
1.170000000000000000e+02,3.883333333333333304e+00,6.811216016040382293e-01,8.517415228905746982e-01
1.180000000000000000e+02,3.916666666666666519e+00,6.563192757044947756e-01,8.640863217454654022e-01
1.190000000000000000e+02,3.950000000000000178e+00,6.337271987694417241e-01,8.746584914915863651e-01
1.200000000000000000e+02,3.983333333333333393e+00,6.135531402410261403e-01,8.836477557132477179e-01
1.210000000000000000e+02,4.016666666666666607e+00,5.958601952129108925e-01,8.912487885887222516e-01
1.220000000000000000e+02,4.049999999999999822e+00,5.805740943350008454e-01,8.976504369430802210e-01
1.230000000000000000e+02,4.083333333333333037e+00,5.675029827682410710e-01,9.030264942057545374e-01
1.240000000000000000e+02,4.116666666666666252e+00,5.563637646157496564e-01,9.075285414160191300e-01
1.250000000000000000e+02,4.150000000000000355e+00,5.468106116136914885e-01,9.112810250894447517e-01
1.260000000000000000e+02,4.183333333333333570e+00,5.384576109746050943e-01,9.143781120890279723e-01
1.270000000000000000e+02,4.216666666666666785e+00,5.308864042505583303e-01,9.168811438600394936e-01
1.280000000000000000e+02,4.250000000000000000e+00,5.236430492750970833e-01,9.188158444452301232e-01
1.290000000000000000e+02,4.283333333333333215e+00,5.162393737233585966e-01,9.201696347036442125e-01
1.300000000000000000e+02,4.316666666666666430e+00,5.081702908750784786e-01,9.208903051661643246e-01
1.310000000000000000e+02,4.349999999999999645e+00,4.989565262871645257e-01,9.208880413293349942e-01
1.320000000000000000e+02,4.383333333333333748e+00,4.882033225016541578e-01,9.200420550628447547e-01
1.330000000000000000e+02,4.416666666666666963e+00,4.756353902474075857e-01,9.182099583729979031e-01
1.340000000000000000e+02,4.450000000000000178e+00,4.610823102161757392e-01,9.152359917541582623e-01
1.350000000000000000e+02,4.483333333333333393e+00,4.444416239211776976e-01,9.109563565595070189e-01
1.360000000000000000e+02,4.516666666666666607e+00,4.256678270122885577e-01,9.052036837606322051e-01
1.370000000000000000e+02,4.549999999999999822e+00,4.047870235089097157e-01,8.978126525137490876e-01
1.380000000000000000e+02,4.583333333333333037e+00,3.818965739156797712e-01,8.886255811162220297e-01
1.390000000000000000e+02,4.616666666666666252e+00,3.571471691322170017e-01,8.774966114386021365e-01
1.400000000000000000e+02,4.650000000000000355e+00,3.307445944673116367e-01,8.642960317654942992e-01
1.410000000000000000e+02,4.683333333333333570e+00,3.029842143495963813e-01,8.489173053903965593e-01
1.420000000000000000e+02,4.716666666666666785e+00,2.743000385785053785e-01,8.312879490675039174e-01
1.430000000000000000e+02,4.750000000000000000e+00,2.452973318566473993e-01,8.113829700864522154e-01
1.440000000000000000e+02,4.783333333333333215e+00,2.167341572010250961e-01,7.892368551983738323e-01
1.450000000000000000e+02,4.816666666666666430e+00,1.894610588945457030e-01,7.649508269201548138e-01
1.460000000000000000e+02,4.849999999999999645e+00,1.643643171692595328e-01,7.386956474636080516e-01
1.470000000000000000e+02,4.883333333333333748e+00,1.423207780189237048e-01,7.107108785022747677e-01
1.480000000000000000e+02,4.916666666666666963e+00,1.241226567071545689e-01,6.812982408392319611e-01
1.490000000000000000e+02,4.950000000000000178e+00,1.103483711119188221e-01,6.508048393460720282e-01
1.500000000000000000e+02,4.983333333333333393e+00,1.012562842195027651e-01,6.195980506804401600e-01
1.510000000000000000e+02,5.016666666666666607e+00,9.679748777707543328e-02,5.880414140399343736e-01
1.520000000000000000e+02,5.049999999999999822e+00,9.671984034811433040e-02,5.564786849939719060e-01
1.530000000000000000e+02,5.083333333333333037e+00,1.006729548720856765e-01,5.252261268940288108e-01
1.540000000000000000e+02,5.116666666666666252e+00,1.082653692331685541e-01,4.945692880252566814e-01
1.550000000000000000e+02,5.150000000000000355e+00,1.190791924874371049e-01,4.647609279365771395e-01
1.560000000000000000e+02,5.183333333333333570e+00,1.326690476485120063e-01,4.360188608191787885e-01
1.570000000000000000e+02,5.216666666666666785e+00,1.485599799458488524e-01,4.085236347618889652e-01
1.580000000000000000e+02,5.250000000000000000e+00,1.662569170685229136e-01,3.824169532802002003e-01
1.590000000000000000e+02,5.283333333333333215e+00,1.852666256085498397e-01,3.578018196010511187e-01
1.600000000000000000e+02,5.316666666666666430e+00,2.051135784265281925e-01,3.347439259395717515e-01
1.610000000000000000e+02,5.349999999999999645e+00,2.253482264147323721e-01,3.132736917984066394e-01
1.620000000000000000e+02,5.383333333333333748e+00,2.455594406869468227e-01,2.933892785114069479e-01
1.630000000000000000e+02,5.416666666666666963e+00,2.653921274563373900e-01,2.750609858933306673e-01
1.640000000000000000e+02,5.450000000000000178e+00,2.845698192590161435e-01,2.582374214516933719e-01
1.650000000000000000e+02,5.483333333333333393e+00,3.029141007988094270e-01,2.428531937974790778e-01
1.660000000000000000e+02,5.516666666666666607e+00,3.203482375736247945e-01,2.288368907666697150e-01
1.670000000000000000e+02,5.549999999999999822e+00,3.368942276249534684e-01,2.161188262148954764e-01
1.680000000000000000e+02,5.583333333333333037e+00,3.526640424856716249e-01,2.046380995556216220e-01
1.690000000000000000e+02,5.616666666666666252e+00,3.678156399775451280e-01,1.943462039558237764e-01
1.700000000000000000e+02,5.650000000000000355e+00,3.824764903427398943e-01,1.852046342066052953e-01
1.710000000000000000e+02,5.683333333333333570e+00,3.966816135413114286e-01,1.771776328500070385e-01
1.720000000000000000e+02,5.716666666666666785e+00,4.103535027695557891e-01,1.702233610564116428e-01
1.730000000000000000e+02,5.750000000000000000e+00,4.233256308985248739e-01,1.642869138740820634e-01
1.740000000000000000e+02,5.783333333333333215e+00,4.353951254851606278e-01,1.592974684877324909e-01
1.750000000000000000e+02,5.816666666666666430e+00,4.463700710355393841e-01,1.551691439273121254e-01
1.760000000000000000e+02,5.849999999999999645e+00,4.560985556065093594e-01,1.518041398435481526e-01
1.770000000000000000e+02,5.883333333333333748e+00,4.644905128201758382e-01,1.490975890608801369e-01
1.780000000000000000e+02,5.916666666666666963e+00,4.715286618275069674e-01,1.469432685064519517e-01
1.790000000000000000e+02,5.950000000000000178e+00,4.772633850169106795e-01,1.452389082317050717e-01
1.800000000000000000e+02,5.983333333333333393e+00,4.817976799144393363e-01,1.438903197235917586e-01
1.810000000000000000e+02,6.016666666666666607e+00,4.852676075101302611e-01,1.428139901440900750e-01
1.820000000000000000e+02,6.049999999999999822e+00,4.878344605503381892e-01,1.419390620749535759e-01
1.830000000000000000e+02,6.083333333333333037e+00,4.897073102530511979e-01,1.412110823323885211e-01
1.840000000000000000e+02,6.116666666666666252e+00,4.911753783005796126e-01,1.405982907667311099e-01
1.850000000000000000e+02,6.150000000000000355e+00,4.926079096926703205e-01,1.400978990858716688e-01
1.860000000000000000e+02,6.183333333333333570e+00,4.944195197425666488e-01,1.397396507200079352e-01
1.870000000000000000e+02,6.216666666666666785e+00,4.970349712289197641e-01,1.395866170163735653e-01
1.880000000000000000e+02,6.250000000000000000e+00,5.008707795823877928e-01,1.397345501323267181e-01
1.890000000000000000e+02,6.283333333333333215e+00,5.063244567732366752e-01,1.403103919777927422e-01
1.900000000000000000e+02,6.316666666666666430e+00,5.137624238304893121e-01,1.414698347446642079e-01
1.910000000000000000e+02,6.349999999999999645e+00,5.235119134863678303e-01,1.433942460980603406e-01
1.920000000000000000e+02,6.383333333333333748e+00,5.358652756483422985e-01,1.462879321853574888e-01
1.930000000000000000e+02,6.416666666666666963e+00,5.510863055966599422e-01,1.503758971709346359e-01
1.940000000000000000e+02,6.450000000000000178e+00,5.693955976730888935e-01,1.559004535858413421e-01
1.950000000000000000e+02,6.483333333333333393e+00,5.909252423033773960e-01,1.631142780960559702e-01
1.960000000000000000e+02,6.516666666666666607e+00,6.156476030780269060e-01,1.722678789478900574e-01
1.970000000000000000e+02,6.549999999999999822e+00,6.433088931319438375e-01,1.835918516551611757e-01
1.980000000000000000e+02,6.583333333333333037e+00,6.734172496795485241e-01,1.972781989854890394e-01
1.990000000000000000e+02,6.616666666666666252e+00,7.052751263325586217e-01,2.134641925263481288e-01
2.000000000000000000e+02,6.650000000000000355e+00,7.379962130985536772e-01,2.322175618352138871e-01
2.010000000000000000e+02,6.683333333333333570e+00,7.705100505882072071e-01,2.535220456315908089e-01
2.020000000000000000e+02,6.716666666666666785e+00,8.016139837274665059e-01,2.772670194032098023e-01
2.030000000000000000e+02,6.750000000000000000e+00,8.300923650630901429e-01,3.032464759924690112e-01
2.040000000000000000e+02,6.783333333333333215e+00,8.548546446367824014e-01,3.311688410490646883e-01
2.050000000000000000e+02,6.816666666666666430e+00,8.750329580025764109e-01,3.606744454749720719e-01
2.060000000000000000e+02,6.849999999999999645e+00,8.900385033200893803e-01,3.913574213527941104e-01
2.070000000000000000e+02,6.883333333333333748e+00,8.996067275474601832e-01,4.227911432923189827e-01
2.080000000000000000e+02,6.916666666666666963e+00,9.038084579237479765e-01,4.545545431801626957e-01
2.090000000000000000e+02,6.950000000000000178e+00,9.029760986778407883e-01,4.862526341443298428e-01
2.100000000000000000e+02,6.983333333333333393e+00,8.975759292745814077e-01,5.175270147296758827e-01
2.110000000000000000e+02,7.016666666666666607e+00,8.881176733801724454e-01,5.480592776352340989e-01
2.120000000000000000e+02,7.049999999999999822e+00,8.751230280655458715e-01,5.775719491765690661e-01
2.130000000000000000e+02,7.083333333333333037e+00,8.591174315502615455e-01,6.058287828253636764e-01
2.140000000000000000e+02,7.116666666666666252e+00,8.406331881023888508e-01,6.326352979362264151e-01
2.150000000000000000e+02,7.150000000000000355e+00,8.202212110509827792e-01,6.578402398587147593e-01
2.160000000000000000e+02,7.183333333333333570e+00,7.984611544378119596e-01,6.813378350033092445e-01
2.170000000000000000e+02,7.216666666666666785e+00,7.759714151959660189e-01,7.030708307025602677e-01
2.180000000000000000e+02,7.250000000000000000e+00,7.534174213691535726e-01,7.230341853860092760e-01
2.190000000000000000e+02,7.283333333333333215e+00,7.314969466876840576e-01,7.412776065011486004e-01
2.200000000000000000e+02,7.316666666666666430e+00,7.108843822418183800e-01,7.579037158548156405e-01
2.210000000000000000e+02,7.349999999999999645e+00,6.921314665642434028e-01,7.730584259962748339e-01
2.220000000000000000e+02,7.383333333333333748e+00,6.755658412230221010e-01,7.869133570262674127e-01
2.230000000000000000e+02,7.416666666666666963e+00,6.612673894547642650e-01,7.996463968778780851e-01
2.240000000000000000e+02,7.450000000000000178e+00,6.491321655181844230e-01,8.114272776494152462e-01
2.250000000000000000e+02,7.483333333333333393e+00,6.389567084946833342e-01,8.224097674024221094e-01
2.260000000000000000e+02,7.516666666666666607e+00,6.304929415119746583e-01,8.327281694858211791e-01
2.270000000000000000e+02,7.549999999999999822e+00,6.234565336944282166e-01,8.424944779589506050e-01
2.280000000000000000e+02,7.583333333333333037e+00,6.175053514047132985e-01,8.517938422467945525e-01
2.290000000000000000e+02,7.616666666666666252e+00,6.122274549354906892e-01,8.606790899865532918e-01
2.300000000000000000e+02,7.650000000000000355e+00,6.071551603607219239e-01,8.691663532011466575e-01
2.310000000000000000e+02,7.683333333333333570e+00,6.018011449921033540e-01,8.772335273943326905e-01
2.320000000000000000e+02,7.716666666666666785e+00,5.957033660286628063e-01,8.848222550719319068e-01
2.330000000000000000e+02,7.750000000000000000e+00,5.884570989533628449e-01,8.918424230732991953e-01
2.340000000000000000e+02,7.783333333333333215e+00,5.797276703733853509e-01,8.981776589522997289e-01
2.350000000000000000e+02,7.816666666666666430e+00,5.692509805674563772e-01,9.036908683586154512e-01
2.360000000000000000e+02,7.849999999999999645e+00,5.568266173808459341e-01,9.082292321185645445e-01
2.370000000000000000e+02,7.883333333333333748e+00,5.423110709085553482e-01,9.116286709235190688e-01
2.380000000000000000e+02,7.916666666666666963e+00,5.256146521279779771e-01,9.137180682467739290e-01
2.390000000000000000e+02,7.950000000000000178e+00,5.066936991975603544e-01,9.143228817477202508e-01
2.400000000000000000e+02,7.983333333333333393e+00,4.855331748448629692e-01,9.132673892249106862e-01
2.410000000000000000e+02,8.016666666666667496e+00,4.621262249590532556e-01,9.103753306867500283e-01
2.420000000000000000e+02,8.050000000000000711e+00,4.364697200473665606e-01,9.054702005940571397e-01
2.430000000000000000e+02,8.083333333333333925e+00,4.086036432701337096e-01,8.983786305833101338e-01
2.440000000000000000e+02,8.116666666666667140e+00,3.786914981751953180e-01,8.889400811756059673e-01
2.450000000000000000e+02,8.150000000000000355e+00,3.470822603321239708e-01,8.770213943609801444e-01
2.460000000000000000e+02,8.183333333333333570e+00,3.142934746676636637e-01,8.625300199587048189e-01
2.470000000000000000e+02,8.216666666666666785e+00,2.809463584985991691e-01,8.454221500042600201e-01
2.480000000000000000e+02,8.250000000000000000e+00,2.477430461017474939e-01,8.257090676901261972e-01
2.490000000000000000e+02,8.283333333333333215e+00,2.154928209742033307e-01,8.034655545532833898e-01
2.500000000000000000e+02,8.316666666666666430e+00,1.851166932513218510e-01,7.788386568180215574e-01
2.510000000000000000e+02,8.349999999999999645e+00,1.575824532399721645e-01,7.520513558815712374e-01
2.520000000000000000e+02,8.383333333333332860e+00,1.337491667907488302e-01,7.233940375297677194e-01
2.530000000000000000e+02,8.416666666666666075e+00,1.141892097552626439e-01,6.932019975449301707e-01
2.540000000000000000e+02,8.449999999999999289e+00,9.914231475380363978e-02,6.618293417117634414e-01
2.550000000000000000e+02,8.483333333333332504e+00,8.861335726811968294e-02,6.296305583570862563e-01
2.560000000000000000e+02,8.516666666666667496e+00,8.247437308689128943e-02,5.969500954255729797e-01
2.570000000000000000e+02,8.550000000000000711e+00,8.050979487658822820e-02,5.641154869264765059e-01
2.580000000000000000e+02,8.583333333333333925e+00,8.244015571473695125e-02,5.314323392170174909e-01
2.590000000000000000e+02,8.616666666666667140e+00,8.794420207708644743e-02,4.991810523243379594e-01
2.600000000000000000e+02,8.650000000000000355e+00,9.667143387234360119e-02,4.676145251889722299e-01
2.610000000000000000e+02,8.683333333333333570e+00,1.082417737122073065e-01,4.369558349584412027e-01
2.620000000000000000e+02,8.716666666666666785e+00,1.222398117111467425e-01,4.073954647138911533e-01
2.630000000000000000e+02,8.750000000000000000e+00,1.382201918084529635e-01,3.790889538206140830e-01
2.640000000000000000e+02,8.783333333333333215e+00,1.557364902567349441e-01,3.521568141547630759e-01
2.650000000000000000e+02,8.816666666666666430e+00,1.743737316389966374e-01,3.266869976155704069e-01
2.660000000000000000e+02,8.849999999999999645e+00,1.937594699750149474e-01,3.027382330880283301e-01
2.670000000000000000e+02,8.883333333333332860e+00,2.135662076482064409e-01,2.803435532004336372e-01
2.680000000000000000e+02,8.916666666666666075e+00,2.335252316317198706e-01,2.595149067057636039e-01
2.690000000000000000e+02,8.949999999999999289e+00,2.534467692252841409e-01,2.402493523310136880e-01
2.700000000000000000e+02,8.983333333333332504e+00,2.732322325539142116e-01,2.225362133595779890e-01
2.710000000000000000e+02,9.016666666666667496e+00,2.928577528318238032e-01,2.063629402720710271e-01
2.720000000000000000e+02,9.050000000000000711e+00,3.123049005440901582e-01,1.917155375247021620e-01
2.730000000000000000e+02,9.083333333333333925e+00,3.314676508876566174e-01,1.785716906106793733e-01
2.740000000000000000e+02,9.116666666666667140e+00,3.501215599732351857e-01,1.668914746117117764e-01
2.750000000000000000e+02,9.150000000000000355e+00,3.679861330367289463e-01,1.566129563105315703e-01
2.760000000000000000e+02,9.183333333333333570e+00,3.848112850550241548e-01,1.476545802128704787e-01
2.770000000000000000e+02,9.216666666666666785e+00,4.004175516070735408e-01,1.399207096110483273e-01
2.780000000000000000e+02,9.250000000000000000e+00,4.146908100689176702e-01,1.333067534597302262e-01
2.790000000000000000e+02,9.283333333333333215e+00,4.275644989154026021e-01,1.277028981350042114e-01
2.800000000000000000e+02,9.316666666666666430e+00,4.390057442159761569e-01,1.229967506446964232e-01
2.810000000000000000e+02,9.349999999999999645e+00,4.490046530396301083e-01,1.190751417732903578e-01
2.820000000000000000e+02,9.383333333333332860e+00,4.575621470027876336e-01,1.158249746175276235e-01
2.830000000000000000e+02,9.416666666666666075e+00,4.646808631717253557e-01,1.131333591847608344e-01
2.840000000000000000e+02,9.449999999999999289e+00,4.703725760702974767e-01,1.108883293400201725e-01
2.850000000000000000e+02,9.483333333333332504e+00,4.746818911649079431e-01,1.089814188013322055e-01
2.860000000000000000e+02,9.516666666666667496e+00,4.777049560418581975e-01,1.073117052593607207e-01
2.870000000000000000e+02,9.550000000000000711e+00,4.795866816728406312e-01,1.057896364708037773e-01
2.880000000000000000e+02,9.583333333333333925e+00,4.805022691821791425e-01,1.043394068971780914e-01
2.890000000000000000e+02,9.616666666666667140e+00,4.806393834238727458e-01,1.028999356392553688e-01
2.900000000000000000e+02,9.650000000000000355e+00,4.801887095588613374e-01,1.014251034176647803e-01
2.910000000000000000e+02,9.683333333333333570e+00,4.793381728093526473e-01,9.988353602141132603e-02
2.920000000000000000e+02,9.716666666666666785e+00,4.782667790674437480e-01,9.825790447561902341e-02
2.930000000000000000e+02,9.750000000000000000e+00,4.771416493236558809e-01,9.654399252334990023e-02
2.940000000000000000e+02,9.783333333333333215e+00,4.761250916620162199e-01,9.475031899329640350e-02
2.950000000000000000e+02,9.816666666666666430e+00,4.753956185864313677e-01,9.289940923783689131e-02
2.960000000000000000e+02,9.849999999999999645e+00,4.751679705464166847e-01,9.103063766544729207e-02
2.970000000000000000e+02,9.883333333333332860e+00,4.756759908182995877e-01,8.920172659478907418e-02
2.980000000000000000e+02,9.916666666666666075e+00,4.771047814948299326e-01,8.748492190332023133e-02
2.990000000000000000e+02,9.949999999999999289e+00,4.795207467304758442e-01,8.595767969939033248e-02
3.000000000000000000e+02,9.983333333333332504e+00,4.828605518049959855e-01,8.469248669570596244e-02
3.010000000000000000e+02,1.001666666666666750e+01,4.869700176587704599e-01,8.374973234229875219e-02
3.020000000000000000e+02,1.005000000000000071e+01,4.916397003185443149e-01,8.317337260746651695e-02
3.030000000000000000e+02,1.008333333333333393e+01,4.966183822901184541e-01,8.298765232608038001e-02
3.040000000000000000e+02,1.011666666666666714e+01,5.016240350088065902e-01,8.319468768832317951e-02
3.050000000000000000e+02,1.015000000000000036e+01,5.063717392961697428e-01,8.377423943512879445e-02
3.060000000000000000e+02,1.018333333333333357e+01,5.106153672382278685e-01,8.468675651480354893e-02
3.070000000000000000e+02,1.021666666666666679e+01,5.141795432751501416e-01,8.587892748420218603e-02
3.080000000000000000e+02,1.025000000000000000e+01,5.169635078476753076e-01,8.728953506096670534e-02
3.090000000000000000e+02,1.028333333333333321e+01,5.189254973761989742e-01,8.885408509106842989e-02
3.100000000000000000e+02,1.031666666666666643e+01,5.200681785216333397e-01,9.050829265315638028e-02
3.110000000000000000e+02,1.034999999999999964e+01,5.204289576344728330e-01,9.219080781879458730e-02
3.120000000000000000e+02,1.038333333333333286e+01,5.200692135211111289e-01,9.384509658944990840e-02
3.130000000000000000e+02,1.041666666666666607e+01,5.190639258984131033e-01,9.542050805688936932e-02
3.140000000000000000e+02,1.044999999999999929e+01,5.174954248471422824e-01,9.687285113054584784e-02
3.150000000000000000e+02,1.048333333333333250e+01,5.154513844894287322e-01,9.816481384395479848e-02
3.160000000000000000e+02,1.051666666666666750e+01,5.130270758697597078e-01,9.926655942769382901e-02
3.170000000000000000e+02,1.055000000000000071e+01,5.103330172503596218e-01,1.001569226430383680e-01
3.180000000000000000e+02,1.058333333333333393e+01,5.075041005431715213e-01,1.008253221975887598e-01
3.190000000000000000e+02,1.061666666666666714e+01,5.047034991119339065e-01,1.012739797765188215e-01
3.200000000000000000e+02,1.065000000000000036e+01,5.021242210350828072e-01,1.015202609465961497e-01
3.210000000000000000e+02,1.068333333333333357e+01,4.999950851469691093e-01,1.015994849548797208e-01
3.220000000000000000e+02,1.071666666666666679e+01,4.985807207071542013e-01,1.015677345014689009e-01
3.230000000000000000e+02,1.075000000000000000e+01,4.981447244577341116e-01,1.015017747256811015e-01
3.240000000000000000e+02,1.078333333333333321e+01,4.988671807444249873e-01,1.014925006210373598e-01
3.250000000000000000e+02,1.081666666666666643e+01,5.007724667710846678e-01,1.016327198755522382e-01
3.260000000000000000e+02,1.084999999999999964e+01,5.037327216636605653e-01,1.020052079031880388e-01
3.270000000000000000e+02,1.088333333333333286e+01,5.075284421361284659e-01,1.026755173581142960e-01
3.280000000000000000e+02,1.091666666666666607e+01,5.118979216878997152e-01,1.036886667682120622e-01
3.290000000000000000e+02,1.094999999999999929e+01,5.165564275930187854e-01,1.050673338416274055e-01
3.300000000000000000e+02,1.098333333333333250e+01,5.212128790573324899e-01,1.068113573819558099e-01
3.310000000000000000e+02,1.101666666666666750e+01,5.256020615023599962e-01,1.088997668142110409e-01
3.320000000000000000e+02,1.105000000000000071e+01,5.295232459613870013e-01,1.112958418822071055e-01
3.330000000000000000e+02,1.108333333333333393e+01,5.328697235563738532e-01,1.139544896925753781e-01
3.340000000000000000e+02,1.111666666666666714e+01,5.356463180660147039e-01,1.168309958373141139e-01
3.350000000000000000e+02,1.115000000000000036e+01,5.379761975514005812e-01,1.198903099729956567e-01
3.360000000000000000e+02,1.118333333333333357e+01,5.400992278600491581e-01,1.231162022119091093e-01
3.370000000000000000e+02,1.121666666666666679e+01,5.423653453090997445e-01,1.265198995178657138e-01
3.380000000000000000e+02,1.125000000000000000e+01,5.452172574454851040e-01,1.301473647617211737e-01
3.390000000000000000e+02,1.128333333333333321e+01,5.491564681246121626e-01,1.340839100222335767e-01
3.400000000000000000e+02,1.131666666666666643e+01,5.547019295309244535e-01,1.384555656242452970e-01
3.410000000000000000e+02,1.134999999999999964e+01,5.623569262928709289e-01,1.434278508242694539e-01
3.420000000000000000e+02,1.138333333333333286e+01,5.725902042878037168e-01,1.492030638163732714e-01
3.430000000000000000e+02,1.141666666666666607e+01,5.858254490470318210e-01,1.560167461882225048e-01
3.440000000000000000e+02,1.144999999999999929e+01,6.024298168765367389e-01,1.641332475010624792e-01
3.450000000000000000e+02,1.148333333333333250e+01,6.226954700659230735e-01,1.738398410774432967e-01
3.460000000000000000e+02,1.151666666666666750e+01,6.468097406603725563e-01,1.854384987661837347e-01
3.470000000000000000e+02,1.155000000000000071e+01,6.748100085554763483e-01,1.992341253333017592e-01
3.480000000000000000e+02,1.158333333333333393e+01,7.065143744281788818e-01,2.155173532830910177e-01
3.490000000000000000e+02,1.161666666666666714e+01,7.414220363123719126e-01,2.345395209838785355e-01
3.500000000000000000e+02,1.165000000000000036e+01,7.786226802852683759e-01,2.564805413674415835e-01
3.510000000000000000e+02,1.168333333333333357e+01,8.167952011968333537e-01,2.814166702537554965e-01
3.520000000000000000e+02,1.171666666666666679e+01,8.543246558597072937e-01,3.092974511064612297e-01
3.530000000000000000e+02,1.175000000000000000e+01,8.894868674806482023e-01,3.399371442994179593e-01
3.540000000000000000e+02,1.178333333333333321e+01,9.206418792914796700e-01,3.730213352239785118e-01
3.550000000000000000e+02,1.181666666666666643e+01,9.463934171391564787e-01,4.081260542175438877e-01
3.560000000000000000e+02,1.184999999999999964e+01,9.656942733446481908e-01,4.447451651650847770e-01
3.570000000000000000e+02,1.188333333333333286e+01,9.779083477826517878e-01,4.823226219941368353e-01
3.580000000000000000e+02,1.191666666666666607e+01,9.828233969646258394e-01,5.202857254937472975e-01
3.590000000000000000e+02,1.194999999999999929e+01,9.805994821995341892e-01,5.580743352511774447e-01
3.600000000000000000e+02,1.198333333333333250e+01,9.716900535097976466e-01,5.951638896413944391e-01
3.610000000000000000e+02,1.201666666666666750e+01,9.567761811146664463e-01,6.310832654593584445e-01
3.620000000000000000e+02,1.205000000000000071e+01,9.366855609493239809e-01,6.654262825290447880e-01
3.630000000000000000e+02,1.208333333333333393e+01,9.122912602567153639e-01,6.978552636462101999e-01
3.640000000000000000e+02,1.211666666666666714e+01,8.844540918408400065e-01,7.281000730654136888e-01
3.650000000000000000e+02,1.215000000000000036e+01,8.540139072792486408e-01,7.559564718313901421e-01
3.660000000000000000e+02,1.218333333333333357e+01,8.217760046348626668e-01,7.812834066265496036e-01
3.670000000000000000e+02,1.221666666666666679e+01,7.884885928299806279e-01,8.039985304186488824e-01
3.680000000000000000e+02,1.225000000000000000e+01,7.548337907207957054e-01,8.240730168740331152e-01
3.690000000000000000e+02,1.228333333333333321e+01,7.214237747902080278e-01,8.415260725095202732e-01
3.700000000000000000e+02,1.231666666666666643e+01,6.887981522331778628e-01,8.564192427301957622e-01
3.710000000000000000e+02,1.234999999999999964e+01,6.574391537948940378e-01,8.688519099341112106e-01
3.720000000000000000e+02,1.238333333333333286e+01,6.278031890511405200e-01,8.789592675207527073e-01
3.730000000000000000e+02,1.241666666666666607e+01,6.003462120022471371e-01,8.869122841454891715e-01
3.740000000000000000e+02,1.244999999999999929e+01,5.755070977494882722e-01,8.929163636677587279e-01
3.750000000000000000e+02,1.248333333333333250e+01,5.536261992254460917e-01,8.972036148629440877e-01
3.760000000000000000e+02,1.251666666666666750e+01,5.348539483043878162e-01,9.000179497558584707e-01
3.770000000000000000e+02,1.255000000000000071e+01,5.191355451260124543e-01,9.015989806414661523e-01
3.780000000000000000e+02,1.258333333333333393e+01,5.062656075064603245e-01,9.021702050308385568e-01
3.790000000000000000e+02,1.261666666666666714e+01,4.959421539454286210e-01,9.019314262346720401e-01
3.800000000000000000e+02,1.265000000000000036e+01,4.877881486594780047e-01,9.010528644223406713e-01
3.810000000000000000e+02,1.268333333333333357e+01,4.813505757296306919e-01,8.996691950363193691e-01
3.820000000000000000e+02,1.271666666666666679e+01,4.760972733502096821e-01,8.978733388141034721e-01
3.830000000000000000e+02,1.275000000000000000e+01,4.714319301386987737e-01,8.957114284569397400e-01
3.840000000000000000e+02,1.278333333333333321e+01,4.667319064873706735e-01,8.931807428534717097e-01
3.850000000000000000e+02,1.281666666666666643e+01,4.613978888595942629e-01,8.902315372998074183e-01
3.860000000000000000e+02,1.284999999999999964e+01,4.548997546257418922e-01,8.867724723857691727e-01
3.870000000000000000e+02,1.288333333333333286e+01,4.468038658508048933e-01,8.826781844178667180e-01
3.880000000000000000e+02,1.291666666666666607e+01,4.367803426690836655e-01,8.777974265288751576e-01
3.890000000000000000e+02,1.294999999999999929e+01,4.246011310717820453e-01,8.719610581813449501e-01
3.900000000000000000e+02,1.298333333333333250e+01,4.101283508389277910e-01,8.649891204216112461e-01
3.910000000000000000e+02,1.301666666666666750e+01,3.932817085331961060e-01,8.566953542783239950e-01
3.920000000000000000e+02,1.305000000000000071e+01,3.739994909804075229e-01,8.468886586149235729e-01
3.930000000000000000e+02,1.308333333333333393e+01,3.522315367426050448e-01,8.353739965068606166e-01
3.940000000000000000e+02,1.311666666666666714e+01,3.279774883638558736e-01,8.219563029827268164e-01
3.950000000000000000e+02,1.315000000000000036e+01,3.013436505744743754e-01,8.064488539978871273e-01
3.960000000000000000e+02,1.318333333333333357e+01,2.725888941611767646e-01,7.886852371370109971e-01
3.970000000000000000e+02,1.321666666666666679e+01,2.421577855417478831e-01,7.685339217433253545e-01
3.980000000000000000e+02,1.325000000000000000e+01,2.107109569516042724e-01,7.459152119663059466e-01
3.990000000000000000e+02,1.328333333333333321e+01,1.791400512611080742e-01,7.208193724159553950e-01
4.000000000000000000e+02,1.331666666666666643e+01,1.485336034496398117e-01,6.933220767948488072e-01
4.010000000000000000e+02,1.334999999999999964e+01,1.200680458845174020e-01,6.635913045402144217e-01
4.020000000000000000e+02,1.338333333333333286e+01,9.481865234743043491e-02,6.318794036761429256e-01
4.030000000000000000e+02,1.341666666666666607e+01,7.355775995487112695e-02,5.984993216686634865e-01
4.040000000000000000e+02,1.344999999999999929e+01,5.666226993125381833e-02,5.637935785673015010e-01
4.050000000000000000e+02,1.348333333333333250e+01,4.414309974140021020e-02,5.281055510323312552e-01
4.060000000000000000e+02,1.351666666666666750e+01,3.571190828936526840e-02,4.917559917828375204e-01
4.070000000000000000e+02,1.355000000000000071e+01,3.086183567969280617e-02,4.550258840821204132e-01
4.080000000000000000e+02,1.358333333333333393e+01,2.897535686201531749e-02,4.181477586814412173e-01
4.090000000000000000e+02,1.361666666666666714e+01,2.942195635554154670e-02,3.813046745593687836e-01
4.100000000000000000e+02,1.365000000000000036e+01,3.160324972555637879e-02,3.446327400015249953e-01
4.110000000000000000e+02,1.368333333333333357e+01,3.495374359110350881e-02,3.082236933123751466e-01
4.120000000000000000e+02,1.371666666666666679e+01,3.892836316562275911e-02,2.721265049076289633e-01
4.130000000000000000e+02,1.375000000000000000e+01,4.301022501128468067e-02,2.363495892757845052e-01
4.140000000000000000e+02,1.378333333333333321e+01,4.676704831909605370e-02,2.008674431054231768e-01
4.150000000000000000e+02,1.381666666666666643e+01,4.993308500748326606e-02,1.656337118465994185e-01
