gt_action_0,gt_action_1,gt_action_2,pred_action_0,pred_action_1,pred_action_2,state_0
0.05412000045180321,-0.0029460000805556774,0.007896999828517437,0.05394557381287379,-0.002944428805718321,0.0079713742938585,0.5978270769119263
0.054099999368190765,-0.0029200001154094934,0.007908999919891357,0.05369653412630403,-0.002860874223452505,0.007968627039553314,0.5978270769119263
0.054097000509500504,-0.0029180001001805067,0.007910000160336494,0.053639543270411386,-0.0028468999161399182,0.007949764364867374,0.5934455990791321
0.054106999188661575,-0.002940000034868717,0.007904999889433384,0.05369175061014343,-0.002883476835076594,0.007972315691147345,0.5934455990791321
0.054097000509500504,-0.0029269999358803034,0.007899000309407711,0.05374966993035687,-0.0028305124485698526,0.008023881569530397,0.5896258354187012
0.054090000689029694,-0.0029120000544935465,0.007923999801278114,0.0536642023518107,-0.0028493178464294514,0.00798847004202948,0.5896258354187012
0.05409200116991997,-0.0029170000925660133,0.007926000282168388,0.053633864649681985,-0.002811895868293967,0.008026546921621228,0.5861364006996155
0.0541130006313324,-0.0029539999086409807,0.007915999740362167,0.05364775937727571,-0.0027849791941777164,0.008042304257327777,0.5861364006996155
0.05410600081086159,-0.002950000111013651,0.007929000072181225,0.05357330180040567,-0.0027876388028375693,0.008082081403099333,0.5831897258758545
0.05413400009274483,-0.0030090000946074724,0.007876000367105007,0.053630252332459494,-0.002751518809256573,0.008106490415743652,0.5831897258758545
0.05412599816918373,-0.0029929999727755785,0.007903999648988247,0.053586051009273106,-0.00275859731393999,0.008135111011765936,0.580520749092102
0.05409900099039078,-0.00292899995110929,0.007952000014483929,0.05356461133432259,-0.0027351282484125725,0.008162024705838248,0.580520749092102
0.05410800129175186,-0.00292299990542233,0.007960000075399876,0.053541983304458696,-0.0027393423180351283,0.008161239665362557,0.5712560415267944
0.05410600081086159,-0.002899999963119626,0.007966999895870686,0.05347807682584282,-0.002718343350689683,0.008173293811352218,0.5712560415267944
0.054097000509500504,-0.0028880001045763493,0.007997999899089336,0.05348830094108872,-0.0027050608993882137,0.008201210347400784,0.5546045303344727
0.05403599888086319,-0.002937000012025237,0.007981999777257442,0.05345476863024227,-0.0027318262266165082,0.00822723639842552,0.5546045303344727
0.05397000163793564,-0.00291300006210804,0.00802099984139204,0.05338751586620416,-0.0026373995551066077,0.008206650030750468,0.5343946218490601
0.05393199995160103,-0.0029249999206513166,0.008022000081837177,0.053384496488232694,-0.0026390263380631877,0.008277743941902244,0.5343946218490601
0.053863998502492905,-0.0029090000316500664,0.008050000295042992,0.0534866425239679,-0.0026089270385754324,0.008238776593974,0.515357494354248
0.053835999220609665,-0.002862999914214015,0.008081999607384205,0.05353913061792115,-0.0025659475972601006,0.008288631994975306,0.515357494354248
0.0538409985601902,-0.0028860000893473625,0.008061000145971775,0.05343762900853402,-0.0025605368886050675,0.008268169477029963,0.4979168772697449
0.05381400138139725,-0.002876000013202429,0.008059999905526638,0.05335846079152846,-0.0025838247798507,0.008279143229780296,0.4979168772697449
0.05382100120186806,-0.0028979999478906393,0.008053000085055828,0.05340551250172905,-0.0025586305807444656,0.008297232874968878,0.4682433307170868
0.05379899963736534,-0.0029100000392645597,0.008073000237345695,0.05356374529595654,-0.0025863642764928805,0.00826177723857422,0.4682433307170868
0.05375700071454048,-0.0029150000773370266,0.008069000206887722,0.053509348150166725,-0.002616824009502412,0.008297026028759412,0.41642123460769653
0.05369500070810318,-0.0028719999827444553,0.00810999982059002,0.05357789437636513,-0.0026614610648453855,0.008196418192515795,0.41642123460769653
0.05363500118255615,-0.002865999937057495,0.008117999881505966,0.0534718509393626,-0.0026539908071552603,0.008249339329852693,0.35401976108551025
0.053589001297950745,-0.002908000024035573,0.008097999729216099,0.05353645948800235,-0.002643394799278105,0.008238886948967817,0.35401976108551025
0.05355900153517723,-0.0029100000392645597,0.00811699964106083,0.05352892625054616,-0.0026284355779810694,0.00825345898679526,0.3037797808647156
0.05353900045156479,-0.0029239999130368233,0.00810100045055151,0.05351934028195395,-0.0026474767599517198,0.008232528023547526,0.3037797808647156
0.05351100116968155,-0.002919000107795,0.00811699964106083,0.05345167064083533,-0.002611518816994682,0.008300291102401977,0.2653459906578064
0.05349000170826912,-0.002891999902203679,0.008142000064253807,0.05349969628170201,-0.002600990613019852,0.008285867033947061,0.2653459906578064
0.05348299816250801,-0.0029269999358803034,0.008120999671518803,0.05340387487899004,-0.002640533546019546,0.008325309821266558,0.2356944978237152
0.05344900116324425,-0.002991999965161085,0.008092000149190426,0.05356897403925887,-0.0026729502124645697,0.00828255859796208,0.2356944978237152
0.053362999111413956,-0.0029639999847859144,0.008142000064253807,0.05346049716150246,-0.002686024858747322,0.008308304240772016,0.21388624608516693
0.05323300138115883,-0.0029239999130368233,0.008200000040233135,0.0535577818932242,-0.002683835287828301,0.008347782815275756,0.21388624608516693
0.05312800034880638,-0.0029430000577121973,0.008218999952077866,0.053404411874796075,-0.0026914436315991132,0.00838595308499997,0.19810912013053894
0.05301700159907341,-0.0029879999347031116,0.008210999891161919,0.053333292109643965,-0.002634974519338561,0.008424977486290307,0.19810912013053894
0.05289899930357933,-0.0029810001142323017,0.008220000192523003,0.05324747628098814,-0.002659512720404435,0.008445766379158384,0.19160126149654388
0.05281300097703934,-0.0029619999695569277,0.008229999803006649,0.053304361054108025,-0.0026530479805222567,0.008429245922771163,0.19160126149654388
0.05271099880337715,-0.0029279999434947968,0.008248000405728817,0.053237024328039666,-0.0025961018446276135,0.008410311718731961,0.19186870753765106
0.05260799825191498,-0.002920999890193343,0.0082590002566576,0.05316282755559474,-0.002601609324006872,0.008463146135727713,0.19186870753765106
0.05249600112438202,-0.0029060000088065863,0.008295999839901924,0.05325061804976463,-0.002659483869291944,0.00846322219912996,0.19634868204593658
0.05237000063061714,-0.0028649999294430017,0.008341999724507332,0.053169809446221045,-0.002589350803631929,0.008541836105737683,0.19634868204593658
0.052209001034498215,-0.002839999971911311,0.008409000001847744,0.053072108313843055,-0.0026854595645740605,0.00847198325472713,0.2120954394340515
0.052122000604867935,-0.002856000093743205,0.008418000303208828,0.05315516666133665,-0.0026563633211154746,0.008470038254024405,0.2120954394340515
0.05203700065612793,-0.0028379999566823244,0.008457999676465988,0.05313451281221972,-0.0026664918683302697,0.008461868164357332,0.23454523086547852
0.05193899944424629,-0.002785000018775463,0.008495000191032887,0.05301844853658827,-0.0026734565293615106,0.008470535619120107,0.23454523086547852
0.051881998777389526,-0.002768999896943569,0.008516999892890453,0.05307879731373923,-0.002695624407960332,0.008496788459210368,0.2663699984550476
0.0518140010535717,-0.002770999912172556,0.008538000285625458,0.05302739870051434,-0.002652896729201752,0.00855146940592084,0.2663699984550476
0.051697999238967896,-0.002707999898120761,0.008597999811172485,0.05297880170252234,-0.002632812040750574,0.008558831546367664,0.3022022247314453
0.05159899964928627,-0.002669000066816807,0.00863800011575222,0.05284278213458325,-0.002609943277322847,0.008607822684333279,0.3022022247314453
0.051511000841856,-0.002678999910131097,0.008639000356197357,0.05282830886380548,-0.002596560881685187,0.008675529449343989,0.3386898636817932
0.05138099938631058,-0.002606000052765012,0.008716000244021416,0.0528206402131868,-0.0026011348849921652,0.008653038839637545,0.3386898636817932
0.05130999907851219,-0.002609000075608492,0.008731000125408173,0.052711205465367214,-0.0025709232613518396,0.008719897213799075,0.37720707058906555
0.05122600123286247,-0.002583000110462308,0.008778000250458717,0.0526584348053273,-0.0025905093537480946,0.008687632410173982,0.37720707058906555
0.05113000050187111,-0.0025530001148581505,0.008809000253677368,0.05272148096770062,-0.0026135103683469895,0.008690684034953097,0.4150870442390442
0.05103199928998947,-0.0024840000551193953,0.008864999748766422,0.052661644747452746,-0.0026447728767970153,0.008670051077640392,0.4150870442390442
0.05095599964261055,-0.002474999986588955,0.008887000381946564,0.05242686462526244,-0.002631793123893677,0.008691902012320878,0.44696491956710815
0.05079500004649162,-0.002400000113993883,0.008967000059783459,0.052422213710949815,-0.00265876557894693,0.008697412979478104,0.44696491956710815
0.0506879985332489,-0.0023980000987648964,0.009014000184834003,0.05222260817623205,-0.0026391130601011274,0.00870645007607744,0.4737909138202667
0.05055199936032295,-0.002392000053077936,0.009045000188052654,0.05209838621948721,-0.002663188283344114,0.008692386501925529,0.4737909138202667
0.05036799982190132,-0.0023719999007880688,0.009097999893128872,0.051959898780257995,-0.0026366063357741608,0.008764661159316806,0.4963650703430176
0.05023699998855591,-0.0023529999889433384,0.009151999838650227,0.051811980147488744,-0.0026407496538411656,0.008737762341596345,0.4963650703430176
0.05011200159788132,-0.0023169999476522207,0.009215000085532665,0.05172219364769448,-0.002641501180489725,0.008781630986893526,0.5116074085235596
0.049991998821496964,-0.002300000051036477,0.00927099958062172,0.051658782084336045,-0.0026448579967146444,0.008797606827569396,0.5116074085235596
0.049890000373125076,-0.0022990000434219837,0.009321999736130238,0.05163813554380906,-0.0025766578923107674,0.008858996169556104,0.5218062996864319
0.049821000546216965,-0.002280999906361103,0.00938399974256754,0.051560404635696354,-0.0025264361997722855,0.008902958908294123,0.5218062996864319
0.049692001193761826,-0.00216599996201694,0.009483999572694302,0.051444543470500856,-0.00250575641209776,0.00896321087116981,0.5306916236877441
0.049646999686956406,-0.0021959999576210976,0.009496999904513359,0.051424071560540456,-0.0023897092894296706,0.008980646128050558,0.5306916236877441
0.049564000219106674,-0.0021359999664127827,0.009573999792337418,0.05132237646608546,-0.002372292232821891,0.00902123061714019,0.539172351360321
0.049529001116752625,-0.0021559998858720064,0.009596999734640121,0.05124332041661878,-0.0023629727274157237,0.009010847194778944,0.539172351360321
0.04944400116801262,-0.0021230001002550125,0.009655999951064587,0.05116562483191563,-0.0023469603284729896,0.009121857948424041,0.5462194681167603
0.04933600127696991,-0.0020669999066740274,0.009746000170707703,0.05111391077082702,-0.0022323525812002884,0.009181123098572719,0.5462194681167603
0.04924599826335907,-0.0020240000449121,0.009832000359892845,0.05079563971219513,-0.0022545512540253013,0.00925721774733108,0.5427917242050171
0.04913699999451637,-0.001961000030860305,0.009891999885439873,0.0506662421963073,-0.0022507380182417124,0.009324791888334379,0.5427917242050171
0.04904099926352501,-0.001927000004798174,0.009929999709129333,0.05064435216457677,-0.0022411451365923866,0.0093351082829206,0.5333576798439026
0.04899999871850014,-0.0019519999623298645,0.00991899985820055,0.050513066482797846,-0.002226485655215862,0.009405885784088346,0.5333576798439026
0.04891899973154068,-0.0018850000342354178,0.009978000074625015,0.05042691294450959,-0.0022238528470191338,0.009448454407171061,0.5346469879150391
0.04888400062918663,-0.0018990000244230032,0.009975999593734741,0.0501906490482653,-0.0021532609866702955,0.009535671912443923,0.5346469879150391
0.048893000930547714,-0.0019630000460892916,0.00994499959051609,0.05003776348221046,-0.0021388348436108783,0.009599413861422268,0.5599197149276733
0.048829998821020126,-0.0019369999645277858,0.00999400019645691,0.04992259843471228,-0.002146443466132039,0.009651703564532054,0.5599197149276733
0.04877299815416336,-0.0019470000406727195,0.009988999925553799,0.049841066473301096,-0.0021382908960621057,0.009704177910662129,0.5992144346237183
0.048643000423908234,-0.001908999984152615,0.01004599966108799,0.04977927656598604,-0.0021290104558622383,0.009727208439754477,0.5992144346237183
0.04858800023794174,-0.0019549999851733446,0.010018999688327312,0.049675247280802436,-0.0021362653663415257,0.009756333534496014,0.6486979126930237
0.04847700148820877,-0.001917000045068562,0.010100999847054482,0.049454741982259125,-0.0021121450557466236,0.009848077033115557,0.6486979126930237
0.0484049990773201,-0.001921999966725707,0.010099000297486782,0.04924858623129832,-0.0021189641493356793,0.009854987717361043,0.7018280029296875
0.048340000212192535,-0.001927000004798174,0.010102000087499619,0.049136563008219496,-0.0020746698602868985,0.009924382894283419,0.7018280029296875
0.04826299846172333,-0.0019109999993816018,0.010130999609827995,0.04901547376582031,-0.002012022636361635,0.009992825533760321,0.7545778751373291
0.04817600175738335,-0.0018619999755173922,0.010157999582588673,0.04891945341455805,-0.0020003669797999044,0.010011125319684996,0.7545778751373291
0.04812699928879738,-0.0018550000386312604,0.010166999883949757,0.04892527021401255,-0.001959791525382176,0.010093308473699528,0.798662006855011
0.04812600091099739,-0.0019030000548809767,0.010126999579370022,0.04869616518543899,-0.0019227881441298237,0.010154271323754235,0.798662006855011
0.048103999346494675,-0.0019069999689236283,0.010131999850273132,0.0486568397851931,-0.0019117706404150668,0.0102097971317491,0.8355446457862854
0.0480629988014698,-0.0018619999755173922,0.010177000425755978,0.04857928119042534,-0.001856780741856878,0.010262993216581372,0.8355446457862854
0.04807699844241142,-0.001892999978736043,0.0101539995521307,0.04850123868642151,-0.0018432364421861727,0.010290988283536919,0.8636231422424316
0.04808099940419197,-0.0019069999689236283,0.010147999972105026,0.04840761228723754,-0.0017834030180193042,0.010347200259391225,0.8636231422424316
0.0480320006608963,-0.0018570000538602471,0.010193999856710434,0.048284138980922715,-0.0017729765574527403,0.010342076114065929,0.8851802349090576
0.04805799946188927,-0.001921999966725707,0.010137000121176243,0.048283756466327446,-0.0016950957272452952,0.010400814948863562,0.8851802349090576
0.04804399982094765,-0.0019069999689236283,0.01016400009393692,0.04822717728334518,-0.0016725096620062796,0.010419601091417763,0.901870608329773
0.04802099987864494,-0.0018970000091940165,0.010162999853491783,0.04818209777069313,-0.0016445689023258999,0.010430414678518053,0.901870608329773
0.04798499867320061,-0.001867000013589859,0.010196000337600708,0.048156763475915174,-0.0016622106247517145,0.01043801569034812,0.9012014269828796
0.04799199849367142,-0.0018820000113919377,0.01018300000578165,0.048151674654239245,-0.0016759579349543822,0.010425606747905854,0.9012014269828796
0.04801800101995468,-0.0019259999971836805,0.010157999582588673,0.04792472086995339,-0.00167989255380396,0.010429602134286042,0.8903396129608154
0.0480090007185936,-0.0019079999765381217,0.010162999853491783,0.047803292843511785,-0.0016752541853306791,0.010474899268039982,0.8903396129608154
0.04800799861550331,-0.001914000022225082,0.010157999582588673,0.04780870078228205,-0.001683203128342284,0.010458012933970705,0.8739913702011108
0.0480090007185936,-0.0019199999514967203,0.01014699973165989,0.04773359327085079,-0.0016396092974492816,0.010487155582296218,0.8739913702011108
0.04797099903225899,-0.0018489999929443002,0.010200000368058681,0.04779521947121462,-0.0016426473212201827,0.010471538042771216,0.8499422669410706
0.04800000041723251,-0.0018990000244230032,0.01016599964350462,0.047650250082528565,-0.0015885635084415199,0.010525719120597014,0.8499422669410706
0.04799199849367142,-0.001883000019006431,0.01018499955534935,0.04758392444798225,-0.0015700088898667687,0.010507214619710775,0.8225018382072449
0.04799100011587143,-0.0018850000342354178,0.010173000395298004,0.04761605314090239,-0.0016168480774690923,0.010509448000813605,0.8225018382072449
0.04798299819231033,-0.0018820000113919377,0.01018499955534935,0.047587993442568546,-0.0016880057776191067,0.010466361267074287,0.797309160232544
0.047993000596761703,-0.0019049999536946416,0.01017799973487854,0.047627341980010035,-0.0017017090012861082,0.010496912017849474,0.797309160232544
0.04801100119948387,-0.0019280000124126673,0.010172000154852867,0.04769146569263101,-0.0016692443455779834,0.01050983724570126,0.7759655714035034
0.047981999814510345,-0.001879999996162951,0.010184000246226788,0.047558392876350795,-0.0016742073526676022,0.01049857851331065,0.7759655714035034
0.04800200089812279,-0.0019199999514967203,0.010172000154852867,0.04769213751141425,-0.0016863390238097589,0.010508344747420012,0.7579045295715332
0.04798400029540062,-0.0019030000548809767,0.010173999704420567,0.047730388794586624,-0.0016629391622308793,0.010503129935931206,0.7579045295715332
0.04799399897456169,-0.0019280000124126673,0.010157999582588673,0.04769620667708977,-0.001718003239304436,0.010482495039225619,0.733061671257019
0.04801499843597412,-0.001964000053703785,0.010138999670743942,0.047687389790087784,-0.0016774779082045974,0.010513294198863111,0.733061671257019
0.047986000776290894,-0.001908999984152615,0.010177000425755978,0.04762958532542535,-0.0016707929432961573,0.010502196336017585,0.7039709687232971
0.04798400029540062,-0.0019020000472664833,0.010180000215768814,0.04749217445664185,-0.0017071758248387268,0.010497597640881633,0.7039709687232971
0.04797400161623955,-0.0018919999711215496,0.010192000307142735,0.04754078291095797,-0.0016910218686468335,0.010567138387231343,0.6751980185508728
0.04803900048136711,-0.002007999923080206,0.010102000087499619,0.04749430657328678,-0.001677557444825745,0.010530741651254453,0.6751980185508728
0.04802099987864494,-0.001981999957934022,0.010115999728441238,0.047613985063704525,-0.001744920451745212,0.01050505716074718,0.649128794670105
0.04801199957728386,-0.0019650000613182783,0.010134000331163406,0.04741584975925905,-0.0017011055765708226,0.010519627208236942,0.649128794670105
0.048016998916864395,-0.0019600000232458115,0.010130000300705433,0.04734812502611575,-0.0017045577413968788,0.010534637026343809,0.6258923411369324
0.04804399982094765,-0.0019680000841617584,0.010122999548912048,0.047413552387035346,-0.0017461474547322948,0.01047381761383392,0.6258923411369324
0.04804399982094765,-0.0019710001070052385,0.010119999758899212,0.047502713647032395,-0.0017057429431051574,0.010453804050247283,0.5799713134765625
0.048016998916864395,-0.0019280000124126673,0.0101500004529953,0.04743418150320587,-0.0017165639403519113,0.010519163488135393,0.5799713134765625
0.04803600162267685,-0.001962000038474798,0.010129000060260296,0.04743521776780296,-0.0017409962423407849,0.010494409456610317,0.5152391791343689
0.048016998916864395,-0.001930000027641654,0.0101539995521307,0.047385020871956035,-0.0017196239011085042,0.010535518703598968,0.5152391791343689
0.04801600053906441,-0.0019280000124126673,0.010153000243008137,0.04746233640927117,-0.00172876392896757,0.010506690952323025,0.44246867299079895
0.04801199957728386,-0.0019249999895691872,0.010161000303924084,0.047395823156395366,-0.0017425653357675056,0.010478446965454814,0.44246867299079895
0.04798499867320061,-0.0019150000298395753,0.010177000425755978,0.047361007948616037,-0.0017467067205345736,0.010487926893507752,0.36561888456344604
0.04793500155210495,-0.0019440000178292394,0.010172000154852867,0.0473963452620168,-0.0017587907559336053,0.010480239630318739,0.36561888456344604
0.04782000184059143,-0.0019379999721422791,0.010193999856710434,0.047439028137996726,-0.0017753342196902,0.010474495238880865,0.29002296924591064
0.047710999846458435,-0.001964000053703785,0.010161999613046646,0.04758660357442486,-0.001775280465189836,0.010424877204758279,0.29002296924591064
0.04753199964761734,-0.0018899999558925629,0.010180000215768814,0.0475030442344076,-0.0017758998130117452,0.01042124998433221,0.21876244246959686
0.04734199866652489,-0.001851000008173287,0.010168000124394894,0.047537663585992054,-0.0018259557762902816,0.010402038837735352,0.21876244246959686
0.04721999913454056,-0.001896000001579523,0.01011900044977665,0.0474698994553568,-0.001755372937162153,0.010475284631790432,0.15026390552520752
0.04706300050020218,-0.001896000001579523,0.010154999792575836,0.04746137592786214,-0.0018133206711638593,0.010416572892227827,0.15026390552520752
0.0469679981470108,-0.001943000010214746,0.0101539995521307,0.04746410467973634,-0.0017691917832280768,0.010420623751447314,0.0866512879729271
0.046817000955343246,-0.0018420000560581684,0.010262999683618546,0.04734580279305449,-0.0017906142177819817,0.01041120324421179,0.0866512879729271
0.046778999269008636,-0.001863999990746379,0.0102530000731349,0.04734139150245999,-0.0018233596096717685,0.010364479683394821,0.04894367605447769
0.04676099866628647,-0.001883000019006431,0.010239999741315842,0.0472413191622113,-0.0018669751387671181,0.010345219190491816,0.04894367605447769
0.04676099866628647,-0.0019079999765381217,0.010226000100374222,0.04712050857261366,-0.0018734813498868937,0.010399502891171544,0.035287756472826004
0.04672500118613243,-0.0018919999711215496,0.010251999832689762,0.0471246661285346,-0.0018742505485140049,0.010364968308950218,0.035287756472826004
0.046709999442100525,-0.0019369999645277858,0.010243999771773815,0.04704101019660955,-0.0018937732684776133,0.01040233723234706,0.03439811244606972
0.04665699973702431,-0.0019399999873712659,0.010250999592244625,0.046960047066009765,-0.0018500324770354332,0.010437118673362928,0.03439811244606972
0.046574000269174576,-0.0019330000504851341,0.01028400007635355,0.04699870555959496,-0.0018226508244528089,0.010418911896873065,0.04481946676969528
0.04650000110268593,-0.001962000038474798,0.01027700025588274,0.04676055824618666,-0.0017426836494196531,0.010453166689504417,0.04481946676969528
0.04637699946761131,-0.0019030000548809767,0.01032899972051382,0.04687102349818951,-0.0017852181890432714,0.010404786751187382,0.057657331228256226
0.04628000035881996,-0.0018710000440478325,0.010336999781429768,0.046709076481828746,-0.0018217865626037886,0.010422791177618549,0.057657331228256226
0.046163998544216156,-0.0018050000071525574,0.010356999933719635,0.04666797383916538,-0.0017928019494591254,0.010397947202718005,0.07505723834037781
0.04605599865317345,-0.0017790000420063734,0.010343000292778015,0.046533114006791054,-0.0017522112761169223,0.010434764246163549,0.07505723834037781
0.04596300050616264,-0.0017810000572353601,0.010342000052332878,0.04624041020708439,-0.0017802151001771525,0.01044280772536017,0.09356363117694855
0.045857999473810196,-0.0017610000213608146,0.010386000387370586,0.04611318811381089,-0.0017895158790632148,0.010409413780765306,0.09356363117694855
0.04573899880051613,-0.001740999985486269,0.010428999550640583,0.045950407359395797,-0.0018121649194290722,0.010405605989934282,0.11335057765245438
0.04567199945449829,-0.001765000051818788,0.010428999550640583,0.04588789166201785,-0.0018443163184990918,0.010400621571125254,0.11335057765245438
0.04553600028157234,-0.0016919999616220593,0.010502000339329243,0.045833258958708906,-0.0018521997535107181,0.010444353733553659,0.14225701987743378
0.045437999069690704,-0.0016690000193193555,0.010502000339329243,0.04556585111497015,-0.001837240959620359,0.01045383641454088,0.14225701987743378
0.045375000685453415,-0.0016799999866634607,0.010474000126123428,0.045536428774335544,-0.0018008693763574958,0.010479839397799047,0.17515929043293
0.04523500055074692,-0.0015849999617785215,0.010532000102102757,0.04545798179058339,-0.0019353599159255012,0.01043862105657152,0.17515929043293
0.045134998857975006,-0.0015450000064447522,0.01053600013256073,0.04551356681619593,-0.0018771304700753888,0.010448847928467581,0.20884953439235687
0.04495000094175339,-0.0013699999544769526,0.01064400002360344,0.04546774356973834,-0.0018609902756793557,0.01044733356183829,0.20884953439235687
0.044853001832962036,-0.0013330000219866633,0.010666999965906143,0.04533085350726362,-0.0018473555711664782,0.010469019945259943,0.243973046541214
0.04472700133919716,-0.001246000058017671,0.010746999643743038,0.045285992067381556,-0.0018469698884273696,0.010496609358759504,0.243973046541214
0.04465499892830849,-0.0012130000395700336,0.010781999677419662,0.04529641238031667,-0.0018258776973001441,0.01049027338890911,0.27947336435317993
0.04457399994134903,-0.001164000015705824,0.010820000432431698,0.0450691202476075,-0.0018047465750695632,0.010456373635458127,0.27947336435317993
0.04451199993491173,-0.0011370000429451466,0.010839000344276428,0.04491698691554762,-0.001788362492255165,0.010511922260499865,0.31350648403167725
0.04447700083255768,-0.0011190000222995877,0.010867999866604805,0.04493922081169546,-0.0018116285456209946,0.010474642410801264,0.31350648403167725
0.044397998601198196,-0.0010420000180602074,0.010931000113487244,0.04478846191925874,-0.0017952188020007595,0.010439261157434952,0.3432086110115051
0.04436499997973442,-0.0010460000485181808,0.01093399990350008,0.044691971934739505,-0.001774654302787183,0.010469764741058585,0.3432086110115051
0.04430500045418739,-0.001006999984383583,0.010964999906718731,0.04457064311711963,-0.0017134947851435544,0.010531607268370031,0.3689466714859009
0.04425099864602089,-0.00101200002245605,0.010976999998092651,0.0445114228536605,-0.0016418657486141567,0.01059155050360907,0.3689466714859009
0.044148001819849014,-0.0009420000133104622,0.011037999764084816,0.04443214111998486,-0.001623630730249209,0.010570583258129488,0.39125856757164
0.04407300055027008,-0.0009490000084042549,0.01106099970638752,0.044079389092247,-0.0015730251278515712,0.010689441571842363,0.39125856757164
0.04396999999880791,-0.0008859999943524599,0.011125000193715096,0.043998249534859146,-0.0015774025717972585,0.010671302009507526,0.41049090027809143
0.04387800022959709,-0.0008430000161752105,0.011164999566972256,0.04383985070089489,-0.0014806629829404014,0.010732627144895328,0.41049090027809143
0.043786998838186264,-0.0007960000075399876,0.011188000440597534,0.04364798354896165,-0.001431112512033664,0.010794960395242907,0.42699435353279114
0.043731000274419785,-0.0007869999972172081,0.01117900013923645,0.04377372899674752,-0.0013611881467224022,0.010838065635672243,0.42699435353279114
0.04364300146698952,-0.0007120000082068145,0.011253000237047672,0.04366786320728474,-0.0012367092729767043,0.010905850819495645,0.46141716837882996
0.04359100013971329,-0.0007089999853633344,0.011257999576628208,0.04349321001394712,-0.001184569358487043,0.01095860835609199,0.46141716837882996
0.043487999588251114,-0.0006730000022798777,0.011309999972581863,0.04337186287170335,-0.0011391553822575847,0.011038329242849452,0.5156057476997375
0.043435998260974884,-0.0007110000005923212,0.01130099967122078,0.04334319241497999,-0.0010586590120450412,0.011079789927494163,0.5156057476997375
0.04336399957537651,-0.0006960000027902424,0.011340999975800514,0.04324675063546779,-0.0010437635791464407,0.011115328241786042,0.5818926692008972
0.04330100119113922,-0.0006760000251233578,0.011370000429451466,0.04314512520516945,-0.0010023381045990677,0.011140355100323728,0.5818926692008972
0.04325700178742409,-0.0006479999865405262,0.011388000100851059,0.04302172676077341,-0.0009454197230223586,0.011137376693436908,0.6491163372993469
0.04319699853658676,-0.0005840000230818987,0.01145000010728836,0.04297088937251575,-0.001010340970837453,0.01115234050034261,0.6491163372993469
0.043170999735593796,-0.000610999995842576,0.011435999535024166,0.04290190634828564,-0.0009619864226477603,0.011244837921194564,0.7131316065788269
0.043081000447273254,-0.000539999979082495,0.011505000293254852,0.04289594078826959,-0.0008957818861273386,0.011274106158428663,0.7131316065788269
0.043056998401880264,-0.00060299999313429,0.011474000290036201,0.04287606878648108,-0.0008687447886955703,0.01134699680716626,0.7663516402244568
0.04299600049853325,-0.0005619999719783664,0.011526999995112419,0.04277829288444136,-0.000814272377404036,0.011308393920158706,0.7663516402244568
0.04297799989581108,-0.0005409999866969883,0.011537999846041203,0.042786089856171175,-0.0008071915188925009,0.011351814331738699,0.8069514632225037
0.04298799857497215,-0.0005600000149570405,0.011532999575138092,0.04263235193543244,-0.0007614253310318216,0.011383216583312757,0.8069514632225037
0.04300900176167488,-0.0006040000007487833,0.011509999632835388,0.04262422660320812,-0.0006812262563785972,0.011425082076871079,0.8317069411277771
0.04299100115895271,-0.0005779999773949385,0.011517999693751335,0.042527358055545764,-0.0006824440343433918,0.011460275482260307,0.8317069411277771
0.04299100115895271,-0.0005709999823011458,0.011521999724209309,0.04259080622527,-0.0006205233339619278,0.011501958299138802,0.845952570438385
0.04299100115895271,-0.0005579999997280538,0.011533999815583229,0.04248029718081659,-0.0005993412912391042,0.01156623692951413,0.845952570438385
0.0430000014603138,-0.0005740000051446259,0.011524000205099583,0.04234624764204076,-0.0006011694025987734,0.011575451970159306,0.8509407639503479
0.042994000017642975,-0.0005699999746866524,0.011536000296473503,0.04221068454130823,-0.0005966852005700935,0.011596361866412686,0.8509407639503479
0.04304200038313866,-0.0006009999779053032,0.011508000083267689,0.04222269864193039,-0.0006289864047827171,0.011612101775794591,0.8481574058532715
0.04307100176811218,-0.0005559999844990671,0.011517000384628773,0.04215664279193442,-0.0005954341019127617,0.011693944582208926,0.8481574058532715
0.0430929996073246,-0.0005540000274777412,0.011522999964654446,0.042134045931327184,-0.0005862661191517143,0.011674963301831192,0.8328896164894104
0.04314199835062027,-0.000582000007852912,0.011509999632835388,0.042061422092433284,-0.0005361791276571244,0.011714133244873975,0.8328896164894104
0.043136000633239746,-0.0005680000176653266,0.011526999995112419,0.04191053296440603,-0.000524298855884921,0.01174522556450749,0.8072526454925537
0.04313400015234947,-0.0005590000073425472,0.011526999995112419,0.04194699436135207,-0.0005256878470426632,0.011710202737150389,0.8072526454925537
0.04311399906873703,-0.0005230000242590904,0.011547000147402287,0.04194193964376562,-0.0005239899552650609,0.011710571161250403,0.7715262174606323
0.043150998651981354,-0.0005879999953322113,0.011502999812364578,0.04200093900520493,-0.0005596408939099977,0.011702815013541664,0.7715262174606323
0.043143000453710556,-0.0005709999823011458,0.011504000052809715,0.042026963869627655,-0.0005125747052074161,0.011706456169931226,0.7319257259368896
0.0431319996714592,-0.0005559999844990671,0.011512000113725662,0.042023933935318177,-0.000532308385218043,0.01172961932643959,0.7319257259368896
0.04314899817109108,-0.0005859999801032245,0.011478999629616737,0.04180812182838629,-0.0005608525327336735,0.011786853671151377,0.6919277310371399
0.04313899949193001,-0.0005680000176653266,0.011501999571919441,0.041838637316865886,-0.0005642031561817249,0.011794523074698941,0.6919277310371399
0.04312000051140785,-0.0005259999888949096,0.011541999876499176,0.04170963798682973,-0.0005279035031298041,0.01180090097014934,0.6614766120910645
0.04311100021004677,-0.000506000011228025,0.011549999937415123,0.04169488145141458,-0.0005442762008504678,0.011819371408066754,0.6614766120910645
0.043147001415491104,-0.0005670000100508332,0.011502999812364578,0.041751969432084604,-0.0005588489491470476,0.011804259355101446,0.6399523019790649
0.04310699924826622,-0.000493000028654933,0.011547000147402287,0.041699388722339,-0.0005419295493538077,0.011827403944776334,0.6399523019790649
0.043133001774549484,-0.0005360000068321824,0.011505000293254852,0.0414639895119169,-0.000539619324913436,0.011810155686882668,0.6228547692298889
0.0431319996714592,-0.0005310000269673765,0.011505999602377415,0.04158391652298626,-0.0005420894316126388,0.011828559335186043,0.6228547692298889
0.043115001171827316,-0.0004990000161342323,0.011536999605596066,0.04163624523493908,-0.0005534526511198259,0.011869242189744356,0.604499340057373
0.043115999549627304,-0.0005080000264570117,0.011536000296473503,0.04165681524375211,-0.000541271900542315,0.011890390447257601,0.604499340057373
0.04311700165271759,-0.0005119999987073243,0.011533999815583229,0.041688329721113096,-0.0005031500810656107,0.011872784230187575,0.5855515003204346
0.043133001774549484,-0.0005419999943114817,0.011498999781906605,0.041801056238550995,-0.0005353307611406399,0.011880977475666918,0.5855515003204346
0.043122999370098114,-0.0005259999888949096,0.011516000144183636,0.041791332079068114,-0.00047421575873943234,0.01190075367481154,0.5671563148498535
0.04311399906873703,-0.0005009999731555581,0.011540999636054039,0.04176368243511869,-0.0004773018299760978,0.011895393206961867,0.5671563148498535
0.04310299828648567,-0.00047500000800937414,0.011556999757885933,0.041892031835098355,-0.0005267360281789949,0.011815447377051536,0.550500750541687
0.04311000183224678,-0.0004879999905824661,0.011526999995112419,0.04198873339980903,-0.00055609492577365,0.011814705382729081,0.550500750541687
0.04309900104999542,-0.0005499999970197678,0.011505999602377415,0.04188681022422653,-0.000567336358213861,0.011802822673920408,0.5356622934341431
0.04301999881863594,-0.0005360000068321824,0.011540999636054039,0.04197979515482262,-0.0005579052325293814,0.011823667902565269,0.5356622934341431
0.04298299923539162,-0.0005540000274777412,0.011533999815583229,0.041960347068579144,-0.0005192360046449865,0.011831797038271977,0.49330803751945496
0.04290600121021271,-0.0005179999861866236,0.011555000208318233,0.041914086639174584,-0.0005482456640712161,0.011826202573145261,0.49330803751945496
0.04286399856209755,-0.0005019999807700515,0.011568999849259853,0.041834359581000444,-0.0005305246511281926,0.011830496108645902,0.4313276410102844
0.04283300042152405,-0.0005099999834783375,0.011566000059247017,0.04187875328908507,-0.0005215149039558091,0.011850585063212394,0.4313276410102844
0.04279499873518944,-0.0005419999943114817,0.011556999757885933,0.04187668773934525,-0.000560097645478044,0.011850933938752826,0.354503870010376
0.04274800047278404,-0.0005430000019259751,0.01158399973064661,0.04179997736209497,-0.0005245349639502594,0.011866235962725392,0.354503870010376
0.042681001126766205,-0.0005259999888949096,0.011621999554336071,0.04187914901238785,-0.0005645009078909222,0.011806648415019614,0.27882593870162964
0.04263199865818024,-0.0005579999997280538,0.011610999703407288,0.041801825492232846,-0.000540936866409334,0.011828967272481469,0.27882593870162964
0.04253799840807915,-0.0004980000085197389,0.011668999679386616,0.04175029924416713,-0.0005270049624173246,0.011819352571393696,0.2119583636522293
0.0424950011074543,-0.0005300000193528831,0.01167299970984459,0.04170408658954074,-0.0005704370600099545,0.01186671378397351,0.2119583636522293
0.042458999902009964,-0.0005619999719783664,0.01166400033980608,0.04191678810157428,-0.00048694067298145295,0.011866155662275961,0.1534615159034729
0.04241599887609482,-0.0005510000046342611,0.01169500034302473,0.041830737531967296,-0.0004036633164203688,0.011907806693774385,0.1534615159034729
0.04235899820923805,-0.000514000013936311,0.01169699989259243,0.041706031216636734,-0.00041279041382458843,0.011862863339793032,0.11643405258655548
0.04230799898505211,-0.0005039999959990382,0.011730000376701355,0.04174764689084615,-0.0003866922732299582,0.01190095964994512,0.11643405258655548
0.042233001440763474,-0.00046300000394694507,0.011780000291764736,0.04159585250845201,-0.000343917725909276,0.011928041138154198,0.0975172370672226
0.042187999933958054,-0.0005200000014156103,0.011758999899029732,0.041478917298480134,-0.0003443906612431403,0.011949358380456623,0.0975172370672226
0.0420599989593029,-0.0004560000088531524,0.011812999844551086,0.041518735685728975,-0.0004083172236337718,0.01195589021939178,0.09298117458820343
0.04191699996590614,-0.00040099999750964344,0.011837000027298927,0.041438535415553424,-0.000370857083818081,0.011958171878985556,0.09298117458820343
0.04175100103020668,-0.00033599999733269215,0.011845000088214874,0.04130595816974692,-0.0003635631489847549,0.011962190847578092,0.0971309244632721
0.04162599891424179,-0.00030300000798888505,0.011808999814093113,0.04129819039238415,-0.0003999116896067702,0.011966619504458034,0.0971309244632721
0.04143799841403961,-0.00020599999697878957,0.011826000176370144,0.04124367929989062,-0.00040647591319337595,0.011955877550298344,0.10793042927980423
0.04129000008106232,-0.0001880000054370612,0.011827000416815281,0.04123899597572724,-0.00038083768616233114,0.011972339776229803,0.10793042927980423
0.041124001145362854,-0.00012599999899975955,0.011868000030517578,0.0410217317329465,-0.00040358321328889924,0.011950159204490402,0.11930439621210098
0.041009001433849335,-0.00015999999595806003,0.011873999610543251,0.04105957306243715,-0.0004074083801131346,0.011978593087634517,0.11930439621210098
0.04091800004243851,-0.00021399999968707561,0.011869000270962715,0.04115762692856385,-0.000410627529815982,0.011960655732838141,0.1319389045238495
0.04079100117087364,-0.0001880000054370612,0.011915000155568123,0.04110777555680215,-0.0004172076871017732,0.011988971645775398,0.1319389045238495
0.040706999599933624,-0.00016799999866634607,0.01196100004017353,0.041029640486434565,-0.0003753769321214465,0.012000918538478162,0.14325132966041565
0.04061200097203255,-9.600000339560211e-05,0.012025999836623669,0.04089619874199233,-0.00029620526944996577,0.012088302750619286,0.14325132966041565
0.04056600108742714,-6.600000051548705e-05,0.012040999718010426,0.04090545999867396,-0.0002938555534515024,0.012026625632225401,0.15471020340919495
0.040477998554706573,9.999999747378752e-06,0.012121999636292458,0.040804305894011524,-0.00034793972359537114,0.012009378625043147,0.15471020340919495
0.04038900136947632,6.600000051548705e-05,0.012184999883174896,0.040769057108160554,-0.00031122744581434125,0.012091592435320268,0.1771792471408844
0.04035099968314171,3.7999998312443495e-05,0.012179000303149223,0.040715595572503704,-0.0002900522143995798,0.012068831760681546,0.1771792471408844
0.04024700075387955,7.500000356230885e-05,0.012227999977767467,0.040785347648781646,-0.00032032209596938034,0.012083684316949507,0.20506396889686584
0.040105000138282776,0.00017100000695791095,0.01232799980789423,0.040872390219226895,-0.0003056136425738267,0.012044957874412104,0.20506396889686584
0.03997800126671791,0.00025599999935366213,0.012395000085234642,0.040691911491210195,-0.00029264645913708494,0.012056139670979136,0.23468059301376343
0.039877999573946,0.00029799999902024865,0.012443000450730324,0.04062534859671559,-0.000243551237130935,0.012077227844935595,0.23468059301376343
0.03978300094604492,0.00033999999868683517,0.012500000186264515,0.040548647309072934,-0.00020989972103257446,0.012082733899964341,0.2639080882072449
0.03968600183725357,0.00036299999919719994,0.012555000372231007,0.040448896415471336,-0.00014626755468743298,0.012062257874727929,0.2639080882072449
0.039542000740766525,0.00047599998652003706,0.012659000232815742,0.04028221633548662,-0.00011869083570827804,0.01204744958128117,0.2912347912788391
0.03943600133061409,0.0005019999807700515,0.012714999727904797,0.04005761763186282,-6.971276326654522e-05,0.012128046725079633,0.2912347912788391
0.0393030010163784,0.0005440000095404685,0.012804999947547913,0.03999465278231659,-2.951449947594421e-05,0.012186096242900438,0.31650495529174805
0.03921400010585785,0.0005499999970197678,0.012854999862611294,0.03960975911747792,1.9216013941854128e-05,0.012226015945205476,0.31650495529174805
0.039142001420259476,0.0005310000269673765,0.012895000167191029,0.03949356895947752,0.00010210911826279098,0.012317477280781926,0.33899831771850586
0.03906000033020973,0.0005729999975301325,0.0129380002617836,0.03924774605017292,0.0001616468799827289,0.012356214203934424,0.33899831771850586
0.038989998400211334,0.0005959999980404973,0.012980000115931034,0.03906236642727815,0.00017925929559667976,0.012494686614530688,0.35847508907318115
0.038933999836444855,0.0006200000061653554,0.013039999641478062,0.03913121136540587,0.00017968582189760785,0.012529254361475775,0.35847508907318115
0.03889700025320053,0.0006249999860301614,0.013047000393271446,0.03912285601804404,0.00014080528110639972,0.012505329946525425,0.37508919835090637
0.03888000175356865,0.000598000013269484,0.013043999671936035,0.039060650142798796,0.00015870308951605096,0.01259039451044132,0.37508919835090637
0.03882100060582161,0.0006520000169984996,0.013113000430166721,0.03891029784163478,0.00021066184289957236,0.012677681612479865,0.3886387348175049
0.0387439988553524,0.000699999975040555,0.013158000074326992,0.03886525781748204,0.0002996706872655161,0.012732275719698472,0.3886387348175049
0.038708001375198364,0.0006799999973736703,0.01317100040614605,0.03873660325017986,0.00032583692304860806,0.012841523614365056,0.3949696719646454
0.03861299902200699,0.0007319999858736992,0.013230999931693077,0.03860980404179156,0.0004259787260277188,0.012863221215841424,0.3949696719646454
0.038541000336408615,0.0007609999738633633,0.013252999633550644,0.038467867568507653,0.0004905600147750482,0.012991005223892127,0.39408379793167114
0.03844999894499779,0.0008459999808110297,0.01333600003272295,0.03840876533311844,0.0005700131339697551,0.01301130307674719,0.39408379793167114
0.03838900104165077,0.0008580000139772892,0.013375000096857548,0.03841815757324901,0.0006285379080087624,0.013130671329953832,0.38898956775665283
0.03829599916934967,0.0009319999953731894,0.013457000255584717,0.038356949576668964,0.0006581251057732208,0.013228637356778018,0.38898956775665283
0.038256000727415085,0.000893999997060746,0.013501999899744987,0.03822043691546969,0.0006877573153413897,0.01327992090034515,0.389541894197464
0.038152001798152924,0.0009580000187270343,0.013624000363051891,0.038043751223418056,0.0007486095941574873,0.01338226489515055,0.389541894197464
0.0380919985473156,0.000944000028539449,0.013706999830901623,0.03792250548094807,0.0008125268311662153,0.013440121058859335,0.39760637283325195
0.038012001663446426,0.000957000011112541,0.01384000014513731,0.037619579811414866,0.0008320687831190845,0.013516122526575759,0.39760637283325195
0.03790999948978424,0.0010110000148415565,0.013929000124335289,0.037348740452805486,0.0009411581019097792,0.013595971469267486,0.41409265995025635
0.03781900182366371,0.0010679999832063913,0.014008999802172184,0.037037543359716554,0.001023347691600764,0.01367900501858866,0.41409265995025635
0.037737999111413956,0.001095999963581562,0.014054999686777592,0.03702351110399787,0.0010579428750960656,0.013692143335461052,0.4347548186779022
0.03760400041937828,0.0011129999766126275,0.014147999696433544,0.03703543349168455,0.0010639662064592433,0.013756629841696877,0.4347548186779022
0.0374240018427372,0.0011050000321120024,0.014248999767005444,0.037047551808258944,0.001078138719304472,0.013801331487498424,0.45616474747657776
0.037268999963998795,0.0010760000441223383,0.014309000223875046,0.03710785611744078,0.001064744216152354,0.013807409723823867,0.45616474747657776
0.037105001509189606,0.0010460000485181808,0.014355000108480453,0.036986523629436795,0.0010454990579843219,0.01383861744109108,0.47699642181396484
0.036993999034166336,0.0010229999898001552,0.014406000263988972,0.036801216466298886,0.0011234486330822136,0.013906130314109906,0.47699642181396484
0.03685399889945984,0.0010930000571534038,0.01449699979275465,0.03687585870294829,0.0011762945076462775,0.013967911163325497,0.496496319770813
0.0367639996111393,0.0011159999994561076,0.014535999856889248,0.03688890098336951,0.0011420365113814425,0.013974343384841815,0.496496319770813
0.036750998347997665,0.001095999963581562,0.014526000246405602,0.03704690155593522,0.0011844115034419607,0.014025967928756973,0.5158008337020874
0.036750998347997665,0.0011060000397264957,0.014538999646902084,0.0368794195370589,0.0012648400336094095,0.014161054746996317,0.5158008337020874
0.03677000105381012,0.0010870000114664435,0.014523000456392765,0.03673496310237119,0.0013291146975030735,0.014213488632486651,0.5332314372062683
0.03675900027155876,0.0011190000222995877,0.014549000188708305,0.0366531757929837,0.0013591448143570287,0.014215853529616579,0.5332314372062683
0.03679699823260307,0.001066999975591898,0.014557000249624252,0.036578513895284145,0.0014256500820588418,0.014348633647453358,0.5487289428710938
0.036740999668836594,0.0011780000058934093,0.014684000052511692,0.03661449899573531,0.0013962077489408178,0.014342778755829408,0.5487289428710938
0.036720000207424164,0.001142999972216785,0.014712000265717506,0.03639114839805104,0.00136720486440129,0.014412322002553511,0.5576844215393066
0.03659500181674957,0.0011810000287368894,0.014822999946773052,0.03616567956474877,0.001340979169044687,0.014491653459011829,0.5576844215393066
0.03636400029063225,0.0013040000339969993,0.014983000233769417,0.035884641917057584,0.0014651996657460292,0.014627972724334819,0.5558722615242004
0.036049000918865204,0.001462999964132905,0.01514500007033348,0.03587518499776784,0.0015151270540170966,0.014751482131088903,0.5558722615242004
0.03573700040578842,0.0015930000226944685,0.015293999575078487,0.03564217183241991,0.0015538866028441689,0.014801430122280008,0.5471996068954468
0.03538399934768677,0.0018179999897256494,0.015440000221133232,0.035337294007021125,0.00160599181495517,0.01492692355437382,0.5471996068954468
0.03508500009775162,0.002059000078588724,0.015569999814033508,0.03510365557376211,0.0016233801080655604,0.014949896472820575,0.5348989963531494
0.034717001020908356,0.002343999920412898,0.015698999166488647,0.03490494258540126,0.0017625954951837643,0.015092859121372579,0.5348989963531494
0.03443700075149536,0.00253800000064075,0.015835000202059746,0.03487878277406701,0.0017528161986040008,0.015147922909582974,0.5210468173027039
0.03420199826359749,0.0026310000102967024,0.01594799943268299,0.03472456768775409,0.001700571937178796,0.015192304451268452,0.5210468173027039
0.033952001482248306,0.0026970000471919775,0.016094999387860298,0.034548234633560264,0.0018042176893111248,0.01536257664653543,0.5153541564941406
0.03377800062298775,0.0027290000580251217,0.016186999157071114,0.03453307307191832,0.0018553498529097713,0.015342617602733897,0.5153541564941406
0.0336729995906353,0.002750999992713332,0.016235999763011932,0.0345125766756459,0.0019157490008396868,0.015443070050734455,0.5149410367012024
0.033684998750686646,0.002633000025525689,0.01619499921798706,0.034471301577477145,0.0019244978874050707,0.015408883843707106,0.5149410367012024
0.033597998321056366,0.0026829999405890703,0.01627499982714653,0.03436759735185456,0.001953836617364311,0.015443444621386497,0.5329399704933167
0.033528998494148254,0.0026859999634325504,0.016340000554919243,0.034360695434278214,0.0020240834597819446,0.015549629343156863,0.5329399704933167
0.03348299860954285,0.0026310000102967024,0.01639699935913086,0.03411469103261991,0.002124889745241285,0.015699711273684653,0.5609268546104431
0.03341199830174446,0.0025770000647753477,0.01643499918282032,0.034061616783285203,0.0022683932468797775,0.015773038171806752,0.5609268546104431
0.03331900015473366,0.0025530001148581505,0.01647300086915493,0.034034171611991196,0.002373336702101855,0.015912813212134915,0.590019941329956
0.03317699953913689,0.0025500000920146704,0.0165570005774498,0.03393027843015461,0.002464270397664152,0.01604628963019332,0.590019941329956
0.03307899832725525,0.0025130000431090593,0.01662999950349331,0.03372018994897255,0.0024595915331085665,0.016059416964025942,0.6159342527389526
0.032969001680612564,0.0025239998940378428,0.016697000712156296,0.03361415799686621,0.0025818036137046103,0.016127675877154662,0.6159342527389526
0.03279900178313255,0.00254100002348423,0.016812000423669815,0.03349821258727738,0.002865270267443404,0.016212262163813853,0.6377084255218506
0.03265099972486496,0.0025599999353289604,0.016908999532461166,0.033265033509213865,0.002980859197657508,0.016328936999759305,0.6377084255218506
0.03247600048780441,0.0026229999493807554,0.017010999843478203,0.03308745722520433,0.0031210057245923926,0.01641057255079273,0.6560081243515015
0.032423000782728195,0.002560999942943454,0.017007000744342804,0.0328543842408266,0.003152904809837034,0.016515428045730623,0.6560081243515015
0.03238200023770332,0.0025820001028478146,0.01700199954211712,0.03280984038608932,0.0031888250919005273,0.016558953581780576,0.6943997740745544
0.032347001135349274,0.0026310000102967024,0.01700899936258793,0.032694823357473604,0.0032244960117075727,0.0167006832279442,0.6943997740745544
0.03233899921178818,0.0026340000331401825,0.01703600026667118,0.03257036496352058,0.003323743176308228,0.016823276333702702,0.7447376847267151
0.03235099837183952,0.002618999918922782,0.01703999936580658,0.03260403227786231,0.0034585110529967104,0.016889728030283373,0.7447376847267151
0.032345000654459,0.002638000063598156,0.017045000568032265,0.032658216968836716,0.0034290330162247574,0.016954438341419176,0.807529091835022
0.03234900161623955,0.002662000013515353,0.01703600026667118,0.032612205699470445,0.0033141930136628903,0.017049011106780265,0.807529091835022
0.03237900137901306,0.0026400000788271427,0.016995999962091446,0.03261736114924705,0.003226332838259717,0.01707937581548305,0.874667763710022
0.03239800035953522,0.002684999955818057,0.016961999237537384,0.03272132611093962,0.003239654031454242,0.017163591661876705,0.874667763710022
0.032489001750946045,0.0026660000439733267,0.016920000314712524,0.032780841167467725,0.003208886941540462,0.017174047790603032,0.9285234212875366
0.03252800181508064,0.0026539999525994062,0.016932999715209007,0.032451038096662506,0.00307917318954989,0.01716734811771424,0.9285234212875366
0.0325470007956028,0.0026209999341517687,0.01694599911570549,0.03224246349070362,0.003213267475254234,0.017243230660948905,0.9719932079315186
0.03255699947476387,0.002624999964609742,0.01694200001657009,0.032104030660495025,0.0033176211441108914,0.017423031299541467,0.9719932079315186
0.032568998634815216,0.0026100000832229853,0.016930000856518745,0.032020643041909,0.003264620396739323,0.017458350563088896,1.0022258758544922
0.03255400061607361,0.0026370000559836626,0.016932999715209007,0.03217530550452932,0.003237409368407355,0.017446760607373806,1.0022258758544922
0.032575998455286026,0.0026000000070780516,0.01689000055193901,0.03193156616694221,0.003164543420350086,0.01745477345134643,1.017626404762268
0.032597001641988754,0.0025740000419318676,0.016852999106049538,0.03188042892588394,0.0032167862481180696,0.017527171307995255,1.017626404762268
0.03262300044298172,0.0025400000158697367,0.016806000843644142,0.03188050177589072,0.00326119719842853,0.01755148244774679,1.0169991254806519
0.0326710008084774,0.0025319999549537897,0.016777999699115753,0.031808442828827055,0.0033063076401926824,0.017563942085408502,1.0169991254806519
0.032756999135017395,0.002492999890819192,0.016690999269485474,0.031748031391431696,0.003313993625151673,0.017617865244588266,1.005029320716858
0.03279900178313255,0.0024900001008063555,0.01667499914765358,0.03186336401965879,0.0031651266191015364,0.017529441212170378,1.005029320716858
0.032853998243808746,0.002506999997422099,0.01662600040435791,0.032096883146206165,0.003135343842488646,0.01741575144401874,0.9804667234420776
0.03297099843621254,0.0024790000170469284,0.01651199907064438,0.03195504748755236,0.0030684595273355268,0.017473120919087724,0.9804667234420776
0.03304100036621094,0.0025220001116394997,0.01644900068640709,0.03188171428661458,0.0030256574450243335,0.017460712631253143,0.9492372870445251
0.03319000080227852,0.0024449999909847975,0.016295000910758972,0.03172881618931537,0.003106181710357464,0.017540232372160177,0.9492372870445251
0.033420998603105545,0.002348999958485365,0.016096999868750572,0.03162582572726514,0.0031045030827255606,0.01764029673050555,0.9154224395751953
0.033906999975442886,0.002116000046953559,0.015758000314235687,0.031790137688022475,0.0030298958467481598,0.01760310023750431,0.9154224395751953
0.0343719981610775,0.001825000043027103,0.015437000431120396,0.03180155182025019,0.003105848221071051,0.01762474995592702,0.8816938400268555
0.034883998334407806,0.0014319999609142542,0.015104999765753746,0.03166593637037982,0.0030349571446677565,0.017598014158719498,0.8816938400268555
0.03537200018763542,0.0010450000409036875,0.014793000183999538,0.031635415664628304,0.003074775832311359,0.01758637775970176,0.8321027159690857
