gt_action_0,gt_action_1,gt_action_2,pred_action_0,pred_action_1,pred_action_2,state_0,state_11,state_1
0.05412,-0.002946,0.007897,0.053945574,-0.002944429,0.007971374,0.597827077,0.770208156,0.597827077
0.054099999,-0.00292,0.007909,0.053696534,-0.002860874,0.007968627,0.597827077,0.773666642,0.597827077
0.054097001,-0.002918,0.00791,0.053639543,-0.0028469,0.007949764,0.593445599,0.78196803,0.593445599
0.054106999,-0.00294,0.007905,0.053691751,-0.002883477,0.007972316,0.593445599,0.781099202,0.593445599
0.054097001,-0.002927,0.007899,0.05374967,-0.002830512,0.008023882,0.589625835,0.763427641,0.589625835
0.054090001,-0.002912,0.007924,0.053664202,-0.002849318,0.00798847,0.589625835,0.744620128,0.589625835
0.054092001,-0.002917,0.007926,0.053633865,-0.002811896,0.008026547,0.586136401,0.666448116,0.586136401
0.054113001,-0.002954,0.007916,0.053647759,-0.002784979,0.008042304,0.586136401,0.633963521,0.586136401
0.054106001,-0.00295,0.007929,0.053573302,-0.002787639,0.008082081,0.583189726,0.599378308,0.583189726
0.054134,-0.003009,0.007876,0.053630252,-0.002751519,0.00810649,0.583189726,0.593225198,0.583189726
0.054125998,-0.002993,0.007904,0.053586051,-0.002758597,0.008135111,0.580520749,0.599960672,0.580520749
0.054099001,-0.002929,0.007952,0.053564611,-0.002735128,0.008162025,0.580520749,0.607734523,0.580520749
0.054108001,-0.002923,0.00796,0.053541983,-0.002739342,0.00816124,0.571256042,0.612357866,0.571256042
0.054106001,-0.0029,0.007967,0.053478077,-0.002718343,0.008173294,0.571256042,0.538395943,0.571256042
0.054097001,-0.002888,0.007998,0.053488301,-0.002705061,0.00820121,0.55460453,0.459864585,0.55460453
0.054035999,-0.002937,0.007982,0.053454769,-0.002731826,0.008227236,0.55460453,0.302290817,0.55460453
0.053970002,-0.002913,0.008021,0.053387516,-0.0026374,0.00820665,0.534394622,0.232828848,0.534394622
0.053932,-0.002925,0.008022,0.053384496,-0.002639026,0.008277744,0.534394622,0.150974827,0.534394622
0.053863999,-0.002909,0.00805,0.053486643,-0.002608927,0.008238777,0.515357494,0.134888186,0.515357494
0.053835999,-0.002863,0.008082,0.053539131,-0.002565948,0.008288632,0.515357494,0.169026888,0.515357494
0.053840999,-0.002886,0.008061,0.053437629,-0.002560537,0.008268169,0.497916877,0.211714473,0.497916877
0.053814001,-0.002876,0.00806,0.053358461,-0.002583825,0.008279143,0.497916877,0.286215072,0.497916877
0.053821001,-0.002898,0.008053,0.053405513,-0.002558631,0.008297233,0.468243331,0.307288027,0.468243331
0.053799,-0.00291,0.008073,0.053563745,-0.002586364,0.008261777,0.468243331,0.32492816,0.468243331
0.053757001,-0.002915,0.008069,0.053509348,-0.002616824,0.008297026,0.416421235,0.33248752,0.416421235
0.053695001,-0.002872,0.00811,0.053577894,-0.002661461,0.008196418,0.416421235,0.367784578,0.416421235
0.053635001,-0.002866,0.008118,0.053471851,-0.002653991,0.008249339,0.354019761,0.388631221,0.354019761
0.053589001,-0.002908,0.008098,0.053536459,-0.002643395,0.008238887,0.354019761,0.419901044,0.354019761
0.053559002,-0.00291,0.008117,0.053528926,-0.002628436,0.008253459,0.303779781,0.430130794,0.303779781
0.053539,-0.002924,0.008101,0.05351934,-0.002647477,0.008232528,0.303779781,0.447316851,0.303779781
0.053511001,-0.002919,0.008117,0.053451671,-0.002611519,0.008300291,0.265345991,0.455027093,0.265345991
0.053490002,-0.002892,0.008142,0.053499696,-0.002600991,0.008285867,0.265345991,0.440861923,0.265345991
0.053482998,-0.002927,0.008121,0.053403875,-0.002640534,0.00832531,0.235694498,0.438747838,0.235694498
0.053449001,-0.002992,0.008092,0.053568974,-0.00267295,0.008282559,0.235694498,0.522152951,0.235694498
0.053362999,-0.002964,0.008142,0.053460497,-0.002686025,0.008308304,0.213886246,0.624373129,0.213886246
0.053233001,-0.002924,0.0082,0.053557782,-0.002683835,0.008347783,0.213886246,0.840442878,0.213886246
0.053128,-0.002943,0.008219,0.053404412,-0.002691444,0.008385953,0.19810912,0.980694859,0.19810912
0.053017002,-0.002988,0.008211,0.053333292,-0.002634975,0.008424977,0.19810912,1.005801989,0.19810912
0.052898999,-0.002981,0.00822,0.053247476,-0.002659513,0.008445766,0.191601261,1.007411457,0.191601261
0.052813001,-0.002962,0.00823,0.053304361,-0.002653048,0.008429246,0.191601261,0.98488073,0.191601261
0.052710999,-0.002928,0.008248,0.053237024,-0.002596102,0.008410312,0.191868708,0.903722353,0.191868708
0.052607998,-0.002921,0.008259,0.053162828,-0.002601609,0.008463146,0.191868708,0.857781458,0.191868708
0.052496001,-0.002906,0.008296,0.053250618,-0.002659484,0.008463222,0.196348682,0.769352048,0.196348682
0.052370001,-0.002865,0.008342,0.053169809,-0.002589351,0.008541836,0.196348682,0.737216716,0.196348682
0.052209001,-0.00284,0.008409,0.053072108,-0.00268546,0.008471983,0.212095439,0.694603791,0.212095439
0.052122001,-0.002856,0.008418,0.053155167,-0.002656363,0.008470038,0.212095439,0.672945084,0.212095439
0.052037001,-0.002838,0.008458,0.053134513,-0.002666492,0.008461868,0.234545231,0.616857643,0.234545231
0.051938999,-0.002785,0.008495,0.053018449,-0.002673457,0.008470536,0.234545231,0.588114328,0.234545231
0.051881999,-0.002769,0.008517,0.053078797,-0.002695624,0.008496788,0.266369998,0.509627884,0.266369998
0.051814001,-0.002771,0.008538,0.053027399,-0.002652897,0.008551469,0.266369998,0.43142057,0.266369998
0.051697999,-0.002708,0.008598,0.052978802,-0.002632812,0.008558832,0.302202225,0.250011589,0.302202225
0.051599,-0.002669,0.008638,0.052842782,-0.002609943,0.008607823,0.302202225,0.183707111,0.302202225
0.051511001,-0.002679,0.008639,0.052828309,-0.002596561,0.008675529,0.338689864,0.096774194,0.338689864
0.051380999,-0.002606,0.008716,0.05282064,-0.002601135,0.008653039,0.338689864,0.075470367,0.338689864
0.051309999,-0.002609,0.008731,0.052711205,-0.002570923,0.008719897,0.377207071,0.071217633,0.377207071
0.051226001,-0.002583,0.008778,0.052658435,-0.002590509,0.008687632,0.377207071,0.083143347,0.377207071
0.051130001,-0.002553,0.008809,0.052721481,-0.00261351,0.008690684,0.415087044,0.108427606,0.415087044
0.051031999,-0.002484,0.008865,0.052661645,-0.002644773,0.008670051,0.415087044,0.13791716,0.415087044
0.050956,-0.002475,0.008887,0.052426865,-0.002631793,0.008691902,0.44696492,0.165337375,0.44696492
0.050795,-0.0024,0.008967,0.052422214,-0.002658766,0.008697413,0.44696492,0.227564968,0.44696492
0.050687999,-0.002398,0.009014,0.052222608,-0.002639113,0.00870645,0.473790914,0.255523904,0.473790914
0.050551999,-0.002392,0.009045,0.052098386,-0.002663188,0.008692387,0.473790914,0.307309323,0.473790914
0.050368,-0.002372,0.009098,0.051959899,-0.002636606,0.008764661,0.49636507,0.329699853,0.49636507
0.050237,-0.002353,0.009152,0.05181198,-0.00264075,0.008737762,0.49636507,0.36795477,0.49636507
0.050112002,-0.002317,0.009215,0.051722194,-0.002641501,0.008781631,0.511607409,0.382476113,0.511607409
0.049991999,-0.0023,0.009271,0.051658782,-0.002644858,0.008797607,0.511607409,0.406126865,0.511607409
0.04989,-0.002299,0.009322,0.051638136,-0.002576658,0.008858996,0.5218063,0.418560031,0.5218063
0.049821001,-0.002281,0.009384,0.051560405,-0.002526436,0.008902959,0.5218063,0.509098378,0.5218063
0.049692001,-0.002166,0.009484,0.051444543,-0.002505756,0.008963211,0.530691624,0.573856226,0.530691624
0.049647,-0.002196,0.009497,0.051424072,-0.002389709,0.008980646,0.530691624,0.692960429,0.530691624
0.049564,-0.002136,0.009574,0.051322376,-0.002372292,0.009021231,0.539172351,0.744733605,0.539172351
0.049529001,-0.002156,0.009597,0.05124332,-0.002362973,0.009010847,0.539172351,0.820777921,0.539172351
0.049444001,-0.002123,0.009656,0.051165625,-0.00234696,0.009121858,0.546219468,0.838748331,0.546219468
0.049336001,-0.002067,0.009746,0.051113911,-0.002232353,0.009181123,0.546219468,0.837573411,0.546219468
0.049245998,-0.002024,0.009832,0.05079564,-0.002254551,0.009257218,0.542791724,0.821005526,0.542791724
0.049137,-0.001961,0.009892,0.050666242,-0.002250738,0.009324792,0.542791724,0.781813543,0.542791724
0.049040999,-0.001927,0.00993,0.050644352,-0.002241145,0.009335108,0.53335768,0.766380128,0.53335768
0.048999999,-0.001952,0.009919,0.050513066,-0.002226486,0.009405886,0.53335768,0.743140609,0.53335768
0.048919,-0.001885,0.009978,0.050426913,-0.002223853,0.009448454,0.534646988,0.731726007,0.534646988
0.048884001,-0.001899,0.009976,0.050190649,-0.002153261,0.009535672,0.534646988,0.702743917,0.534646988
0.048893001,-0.001963,0.009945,0.050037763,-0.002138835,0.009599414,0.559919715,0.653053422,0.559919715
0.048829999,-0.001937,0.009994,0.049922598,-0.002146443,0.009651704,0.559919715,0.621615303,0.559919715
0.048772998,-0.001947,0.009989,0.049841066,-0.002138291,0.009704178,0.599214435,0.543255237,0.599214435
0.048643,-0.001909,0.010046,0.049779277,-0.00212901,0.009727208,0.599214435,0.494314618,0.599214435
0.048588,-0.001955,0.010019,0.049675247,-0.002136265,0.009756334,0.648697913,0.361296324,0.648697913
0.048477001,-0.001917,0.010101,0.049454742,-0.002112145,0.009848077,0.648697913,0.291930389,0.648697913
0.048404999,-0.001922,0.010099,0.049248586,-0.002118964,0.009854988,0.701828003,0.161756474,0.701828003
0.04834,-0.001927,0.010102,0.049136563,-0.00207467,0.009924383,0.701828003,0.116086077,0.701828003
0.048262998,-0.001911,0.010131,0.049015474,-0.002012023,0.009992826,0.754577875,0.072463828,0.754577875
0.048176002,-0.001862,0.010158,0.048919453,-0.002000367,0.010011125,0.754577875,0.071787727,0.754577875
0.048126999,-0.001855,0.010167,0.04892527,-0.001959792,0.010093308,0.798662007,0.082320902,0.798662007
0.048126001,-0.001903,0.010127,0.048696165,-0.001922788,0.010154271,0.798662007,0.099860629,0.798662007
0.048103999,-0.001907,0.010132,0.04865684,-0.001911771,0.010209797,0.835544646,0.149217065,0.835544646
0.048062999,-0.001862,0.010177,0.048579281,-0.001856781,0.010262993,0.835544646,0.176789968,0.835544646
0.048076998,-0.001893,0.010154,0.048501239,-0.001843236,0.010290988,0.863623142,0.238415097,0.863623142
0.048080999,-0.001907,0.010148,0.048407612,-0.001783403,0.0103472,0.863623142,0.267478322,0.863623142
0.048032001,-0.001857,0.010194,0.048284139,-0.001772977,0.010342076,0.885180235,0.316025888,0.885180235
0.048057999,-0.001922,0.010137,0.048283756,-0.001695096,0.010400815,0.885180235,0.3358148,0.885180235
0.048044,-0.001907,0.010164,0.048227177,-0.00167251,0.010419601,0.901870608,0.365074853,0.901870608
0.048021,-0.001897,0.010163,0.048182098,-0.001644569,0.010430415,0.901870608,0.371204986,0.901870608
0.047984999,-0.001867,0.010196,0.048156763,-0.001662211,0.010438016,0.901201427,0.380172072,0.901201427
0.047991998,-0.001882,0.010183,0.048151675,-0.001675958,0.010425607,0.901201427,0.38724968,0.901201427
0.048018001,-0.001926,0.010158,0.047924721,-0.001679893,0.010429602,0.890339613,0.419037009,0.890339613
0.048009001,-0.001908,0.010163,0.047803293,-0.001675254,0.010474899,0.890339613,0.447099676,0.890339613
0.048007999,-0.001914,0.010158,0.047808701,-0.001683203,0.010458013,0.87399137,0.459648693,0.87399137
0.048009001,-0.00192,0.010147,0.047733593,-0.001639609,0.010487156,0.87399137,0.480914985,0.87399137
0.047970999,-0.001849,0.0102,0.047795219,-0.001642647,0.010471538,0.849942267,0.488589265,0.849942267
0.048,-0.001899,0.010166,0.04765025,-0.001588564,0.010525719,0.849942267,0.489675195,0.849942267
0.047991998,-0.001883,0.010185,0.047583924,-0.001570009,0.010507215,0.822501838,0.487874637,0.822501838
0.047991,-0.001885,0.010173,0.047616053,-0.001616848,0.010509448,0.822501838,0.491007357,0.822501838
0.047982998,-0.001882,0.010185,0.047587993,-0.001688006,0.010466361,0.79730916,0.502202054,0.79730916
0.047993001,-0.001905,0.010178,0.047627342,-0.001701709,0.010496912,0.79730916,0.532061002,0.79730916
0.048011001,-0.001928,0.010172,0.047691466,-0.001669244,0.010509837,0.775965571,0.543922884,0.775965571
0.047982,-0.00188,0.010184,0.047558393,-0.001674207,0.010498579,0.775965571,0.555645393,0.775965571
0.048002001,-0.00192,0.010172,0.047692138,-0.001686339,0.010508345,0.75790453,0.557540973,0.75790453
0.047984,-0.001903,0.010174,0.047730389,-0.001662939,0.01050313,0.75790453,0.539333692,0.75790453
0.047993999,-0.001928,0.010158,0.047696207,-0.001718003,0.010482495,0.733061671,0.556263529,0.733061671
0.048014998,-0.001964,0.010139,0.04768739,-0.001677478,0.010513294,0.733061671,0.646580281,0.733061671
0.047986001,-0.001909,0.010177,0.047629585,-0.001670793,0.010502196,0.703970969,0.71149088,0.703970969
0.047984,-0.001902,0.01018,0.047492174,-0.001707176,0.010497598,0.703970969,0.834171743,0.703970969
0.047974002,-0.001892,0.010192,0.047540783,-0.001691022,0.010567138,0.675198019,0.87443043,0.675198019
0.048039,-0.002008,0.010102,0.047494307,-0.001677557,0.010530742,0.675198019,0.911265349,0.675198019
0.048021,-0.001982,0.010116,0.047613985,-0.00174492,0.010505057,0.649128795,0.906697601,0.649128795
0.048012,-0.001965,0.010134,0.04741585,-0.001701106,0.010519627,0.649128795,0.871601207,0.649128795
0.048016999,-0.00196,0.01013,0.047348125,-0.001704558,0.010534637,0.625892341,0.84021685,0.625892341
0.048044,-0.001968,0.010123,0.047413552,-0.001746147,0.010473818,0.625892341,0.756805875,0.625892341
0.048044,-0.001971,0.01012,0.047502714,-0.001705743,0.010453804,0.579971313,0.673897438,0.579971313
0.048016999,-0.001928,0.01015,0.047434182,-0.001716564,0.010519163,0.579971313,0.643606989,0.579971313
0.048036002,-0.001962,0.010129,0.047435218,-0.001740996,0.010494409,0.515239179,0.598648535,0.515239179
0.048016999,-0.00193,0.010154,0.047385021,-0.001719624,0.010535519,0.515239179,0.572842322,0.515239179
0.048016001,-0.001928,0.010153,0.047462336,-0.001728764,0.010506691,0.442468673,0.523050249,0.442468673
0.048012,-0.001925,0.010161,0.047395823,-0.001742565,0.010478447,0.442468673,0.503834812,0.442468673
0.047984999,-0.001915,0.010177,0.047361008,-0.001746707,0.010487927,0.365618885,0.437590999,0.365618885
0.047935002,-0.001944,0.010172,0.047396345,-0.001758791,0.01048024,0.365618885,0.376782866,0.365618885
0.047820002,-0.001938,0.010194,0.047439028,-0.001775334,0.010474495,0.290022969,0.246142578,0.290022969
0.047711,-0.001964,0.010162,0.047586604,-0.00177528,0.010424877,0.290022969,0.189020166,0.290022969
0.047532,-0.00189,0.01018,0.047503044,-0.0017759,0.01042125,0.218762442,0.098664177,0.218762442
0.047341999,-0.001851,0.010168,0.047537664,-0.001825956,0.010402039,0.218762442,,0.218762442
0.047219999,-0.001896,0.010119,0.047469899,-0.001755373,0.010475285,0.150263906,,0.150263906
0.047063001,-0.001896,0.010155,0.047461376,-0.001813321,0.010416573,0.150263906,,0.150263906
0.046967998,-0.001943,0.010154,0.047464105,-0.001769192,0.010420624,0.086651288,,0.086651288
0.046817001,-0.001842,0.010263,0.047345803,-0.001790614,0.010411203,0.086651288,,0.086651288
0.046778999,-0.001864,0.010253,0.047341392,-0.00182336,0.01036448,0.048943676,,0.048943676
0.046760999,-0.001883,0.01024,0.047241319,-0.001866975,0.010345219,0.048943676,,0.048943676
0.046760999,-0.001908,0.010226,0.047120509,-0.001873481,0.010399503,0.035287756,,0.035287756
0.046725001,-0.001892,0.010252,0.047124666,-0.001874251,0.010364968,0.035287756,,0.035287756
0.046709999,-0.001937,0.010244,0.04704101,-0.001893773,0.010402337,0.034398112,,0.034398112
0.046657,-0.00194,0.010251,0.046960047,-0.001850032,0.010437119,0.034398112,,0.034398112
0.046574,-0.001933,0.010284,0.046998706,-0.001822651,0.010418912,0.044819467,,0.044819467
0.046500001,-0.001962,0.010277,0.046760558,-0.001742684,0.010453167,0.044819467,,0.044819467
0.046376999,-0.001903,0.010329,0.046871023,-0.001785218,0.010404787,0.057657331,,0.057657331
0.04628,-0.001871,0.010337,0.046709076,-0.001821787,0.010422791,0.057657331,,0.057657331
0.046163999,-0.001805,0.010357,0.046667974,-0.001792802,0.010397947,0.075057238,,0.075057238
0.046055999,-0.001779,0.010343,0.046533114,-0.001752211,0.010434764,0.075057238,,0.075057238
0.045963001,-0.001781,0.010342,0.04624041,-0.001780215,0.010442808,0.093563631,,0.093563631
0.045857999,-0.001761,0.010386,0.046113188,-0.001789516,0.010409414,0.093563631,,0.093563631
0.045738999,-0.001741,0.010429,0.045950407,-0.001812165,0.010405606,0.113350578,,0.113350578
0.045671999,-0.001765,0.010429,0.045887892,-0.001844316,0.010400622,0.113350578,,0.113350578
0.045536,-0.001692,0.010502,0.045833259,-0.0018522,0.010444354,0.14225702,,0.14225702
0.045437999,-0.001669,0.010502,0.045565851,-0.001837241,0.010453836,0.14225702,,0.14225702
0.045375001,-0.00168,0.010474,0.045536429,-0.001800869,0.010479839,0.17515929,,0.17515929
0.045235001,-0.001585,0.010532,0.045457982,-0.00193536,0.010438621,0.17515929,,0.17515929
0.045134999,-0.001545,0.010536,0.045513567,-0.00187713,0.010448848,0.208849534,,0.208849534
0.044950001,-0.00137,0.010644,0.045467744,-0.00186099,0.010447334,0.208849534,,0.208849534
0.044853002,-0.001333,0.010667,0.045330854,-0.001847356,0.01046902,0.243973047,,0.243973047
0.044727001,-0.001246,0.010747,0.045285992,-0.00184697,0.010496609,0.243973047,,0.243973047
0.044654999,-0.001213,0.010782,0.045296412,-0.001825878,0.010490273,0.279473364,,0.279473364
0.044574,-0.001164,0.01082,0.04506912,-0.001804747,0.010456374,0.279473364,,0.279473364
0.044512,-0.001137,0.010839,0.044916987,-0.001788362,0.010511922,0.313506484,,0.313506484
0.044477001,-0.001119,0.010868,0.044939221,-0.001811629,0.010474642,0.313506484,,0.313506484
0.044397999,-0.001042,0.010931,0.044788462,-0.001795219,0.010439261,0.343208611,,0.343208611
0.044365,-0.001046,0.010934,0.044691972,-0.001774654,0.010469765,0.343208611,,0.343208611
0.044305,-0.001007,0.010965,0.044570643,-0.001713495,0.010531607,0.368946671,,0.368946671
0.044250999,-0.001012,0.010977,0.044511423,-0.001641866,0.010591551,0.368946671,,0.368946671
0.044148002,-0.000942,0.011038,0.044432141,-0.001623631,0.010570583,0.391258568,,0.391258568
0.044073001,-0.000949,0.011061,0.044079389,-0.001573025,0.010689442,0.391258568,,0.391258568
0.04397,-0.000886,0.011125,0.04399825,-0.001577403,0.010671302,0.4104909,,0.4104909
0.043878,-0.000843,0.011165,0.043839851,-0.001480663,0.010732627,0.4104909,,0.4104909
0.043786999,-0.000796,0.011188,0.043647984,-0.001431113,0.01079496,0.426994354,,0.426994354
0.043731,-0.000787,0.011179,0.043773729,-0.001361188,0.010838066,0.426994354,,0.426994354
0.043643001,-0.000712,0.011253,0.043667863,-0.001236709,0.010905851,0.461417168,,0.461417168
0.043591,-0.000709,0.011258,0.04349321,-0.001184569,0.010958608,0.461417168,,0.461417168
0.043488,-0.000673,0.01131,0.043371863,-0.001139155,0.011038329,0.515605748,,0.515605748
0.043435998,-0.000711,0.011301,0.043343192,-0.001058659,0.01107979,0.515605748,,0.515605748
0.043364,-0.000696,0.011341,0.043246751,-0.001043764,0.011115328,0.581892669,,0.581892669
0.043301001,-0.000676,0.01137,0.043145125,-0.001002338,0.011140355,0.581892669,,0.581892669
0.043257002,-0.000648,0.011388,0.043021727,-0.00094542,0.011137377,0.649116337,,0.649116337
0.043196999,-0.000584,0.01145,0.042970889,-0.001010341,0.011152341,0.649116337,,0.649116337
0.043171,-0.000611,0.011436,0.042901906,-0.000961986,0.011244838,0.713131607,,0.713131607
0.043081,-0.00054,0.011505,0.042895941,-0.000895782,0.011274106,0.713131607,,0.713131607
0.043056998,-0.000603,0.011474,0.042876069,-0.000868745,0.011346997,0.76635164,,0.76635164
0.042996,-0.000562,0.011527,0.042778293,-0.000814272,0.011308394,0.76635164,,0.76635164
0.042978,-0.000541,0.011538,0.04278609,-0.000807192,0.011351814,0.806951463,,0.806951463
0.042987999,-0.00056,0.011533,0.042632352,-0.000761425,0.011383217,0.806951463,,0.806951463
0.043009002,-0.000604,0.01151,0.042624227,-0.000681226,0.011425082,0.831706941,,0.831706941
0.042991001,-0.000578,0.011518,0.042527358,-0.000682444,0.011460275,0.831706941,,0.831706941
0.042991001,-0.000571,0.011522,0.042590806,-0.000620523,0.011501958,0.84595257,,0.84595257
0.042991001,-0.000558,0.011534,0.042480297,-0.000599341,0.011566237,0.84595257,,0.84595257
0.043000001,-0.000574,0.011524,0.042346248,-0.000601169,0.011575452,0.850940764,,0.850940764
0.042994,-0.00057,0.011536,0.042210685,-0.000596685,0.011596362,0.850940764,,0.850940764
0.043042,-0.000601,0.011508,0.042222699,-0.000628986,0.011612102,0.848157406,,0.848157406
0.043071002,-0.000556,0.011517,0.042156643,-0.000595434,0.011693945,0.848157406,,0.848157406
0.043093,-0.000554,0.011523,0.042134046,-0.000586266,0.011674963,0.832889616,,0.832889616
0.043141998,-0.000582,0.01151,0.042061422,-0.000536179,0.011714133,0.832889616,,0.832889616
0.043136001,-0.000568,0.011527,0.041910533,-0.000524299,0.011745226,0.807252645,,0.807252645
0.043134,-0.000559,0.011527,0.041946994,-0.000525688,0.011710203,0.807252645,,0.807252645
0.043113999,-0.000523,0.011547,0.04194194,-0.00052399,0.011710571,0.771526217,,0.771526217
0.043150999,-0.000588,0.011503,0.042000939,-0.000559641,0.011702815,0.771526217,,0.771526217
0.043143,-0.000571,0.011504,0.042026964,-0.000512575,0.011706456,0.731925726,,0.731925726
0.043132,-0.000556,0.011512,0.042023934,-0.000532308,0.011729619,0.731925726,,0.731925726
0.043148998,-0.000586,0.011479,0.041808122,-0.000560853,0.011786854,0.691927731,,0.691927731
0.043138999,-0.000568,0.011502,0.041838637,-0.000564203,0.011794523,0.691927731,,0.691927731
0.043120001,-0.000526,0.011542,0.041709638,-0.000527904,0.011800901,0.661476612,,0.661476612
0.043111,-0.000506,0.01155,0.041694881,-0.000544276,0.011819371,0.661476612,,0.661476612
0.043147001,-0.000567,0.011503,0.041751969,-0.000558849,0.011804259,0.639952302,,0.639952302
0.043106999,-0.000493,0.011547,0.041699389,-0.00054193,0.011827404,0.639952302,,0.639952302
0.043133002,-0.000536,0.011505,0.04146399,-0.000539619,0.011810156,0.622854769,,0.622854769
0.043132,-0.000531,0.011506,0.041583917,-0.000542089,0.011828559,0.622854769,,0.622854769
0.043115001,-0.000499,0.011537,0.041636245,-0.000553453,0.011869242,0.60449934,,0.60449934
0.043116,-0.000508,0.011536,0.041656815,-0.000541272,0.01189039,0.60449934,,0.60449934
0.043117002,-0.000512,0.011534,0.04168833,-0.00050315,0.011872784,0.5855515,,0.5855515
0.043133002,-0.000542,0.011499,0.041801056,-0.000535331,0.011880977,0.5855515,,0.5855515
0.043122999,-0.000526,0.011516,0.041791332,-0.000474216,0.011900754,0.567156315,,0.567156315
0.043113999,-0.000501,0.011541,0.041763682,-0.000477302,0.011895393,0.567156315,,0.567156315
0.043102998,-0.000475,0.011557,0.041892032,-0.000526736,0.011815447,0.550500751,,0.550500751
0.043110002,-0.000488,0.011527,0.041988733,-0.000556095,0.011814705,0.550500751,,0.550500751
0.043099001,-0.00055,0.011506,0.04188681,-0.000567336,0.011802823,0.535662293,,0.535662293
0.043019999,-0.000536,0.011541,0.041979795,-0.000557905,0.011823668,0.535662293,,0.535662293
0.042982999,-0.000554,0.011534,0.041960347,-0.000519236,0.011831797,0.493308038,,0.493308038
0.042906001,-0.000518,0.011555,0.041914087,-0.000548246,0.011826203,0.493308038,,0.493308038
0.042863999,-0.000502,0.011569,0.04183436,-0.000530525,0.011830496,0.431327641,,0.431327641
0.042833,-0.00051,0.011566,0.041878753,-0.000521515,0.011850585,0.431327641,,0.431327641
0.042794999,-0.000542,0.011557,0.041876688,-0.000560098,0.011850934,0.35450387,,0.35450387
0.042748,-0.000543,0.011584,0.041799977,-0.000524535,0.011866236,0.35450387,,0.35450387
0.042681001,-0.000526,0.011622,0.041879149,-0.000564501,0.011806648,0.278825939,,0.278825939
0.042631999,-0.000558,0.011611,0.041801825,-0.000540937,0.011828967,0.278825939,,0.278825939
0.042537998,-0.000498,0.011669,0.041750299,-0.000527005,0.011819353,0.211958364,,0.211958364
0.042495001,-0.00053,0.011673,0.041704087,-0.000570437,0.011866714,0.211958364,,0.211958364
0.042459,-0.000562,0.011664,0.041916788,-0.000486941,0.011866156,0.153461516,,0.153461516
0.042415999,-0.000551,0.011695,0.041830738,-0.000403663,0.011907807,0.153461516,,0.153461516
0.042358998,-0.000514,0.011697,0.041706031,-0.00041279,0.011862863,0.116434053,,0.116434053
0.042307999,-0.000504,0.01173,0.041747647,-0.000386692,0.01190096,0.116434053,,0.116434053
0.042233001,-0.000463,0.01178,0.041595853,-0.000343918,0.011928041,0.097517237,,0.097517237
0.042188,-0.00052,0.011759,0.041478917,-0.000344391,0.011949358,0.097517237,,0.097517237
0.042059999,-0.000456,0.011813,0.041518736,-0.000408317,0.01195589,0.092981175,,0.092981175
0.041917,-0.000401,0.011837,0.041438535,-0.000370857,0.011958172,0.092981175,,0.092981175
0.041751001,-0.000336,0.011845,0.041305958,-0.000363563,0.011962191,0.097130924,,0.097130924
0.041625999,-0.000303,0.011809,0.04129819,-0.000399912,0.01196662,0.097130924,,0.097130924
0.041437998,-0.000206,0.011826,0.041243679,-0.000406476,0.011955878,0.107930429,,0.107930429
0.04129,-0.000188,0.011827,0.041238996,-0.000380838,0.01197234,0.107930429,,0.107930429
0.041124001,-0.000126,0.011868,0.041021732,-0.000403583,0.011950159,0.119304396,,0.119304396
0.041009001,-0.00016,0.011874,0.041059573,-0.000407408,0.011978593,0.119304396,,0.119304396
0.040918,-0.000214,0.011869,0.041157627,-0.000410628,0.011960656,0.131938905,,0.131938905
0.040791001,-0.000188,0.011915,0.041107776,-0.000417208,0.011988972,0.131938905,,0.131938905
0.040707,-0.000168,0.011961,0.04102964,-0.000375377,0.012000919,0.14325133,,0.14325133
0.040612001,-9.60E-05,0.012026,0.040896199,-0.000296205,0.012088303,0.14325133,,0.14325133
0.040566001,-6.60E-05,0.012041,0.04090546,-0.000293856,0.012026626,0.154710203,,0.154710203
0.040477999,1.00E-05,0.012122,0.040804306,-0.00034794,0.012009379,0.154710203,,0.154710203
0.040389001,6.60E-05,0.012185,0.040769057,-0.000311227,0.012091592,0.177179247,,0.177179247
0.040351,3.80E-05,0.012179,0.040715596,-0.000290052,0.012068832,0.177179247,,0.177179247
0.040247001,7.50E-05,0.012228,0.040785348,-0.000320322,0.012083684,0.205063969,,0.205063969
0.040105,0.000171,0.012328,0.04087239,-0.000305614,0.012044958,0.205063969,,0.205063969
0.039978001,0.000256,0.012395,0.040691911,-0.000292646,0.01205614,0.234680593,,0.234680593
0.039878,0.000298,0.012443,0.040625349,-0.000243551,0.012077228,0.234680593,,0.234680593
0.039783001,0.00034,0.0125,0.040548647,-0.0002099,0.012082734,0.263908088,,0.263908088
0.039686002,0.000363,0.012555,0.040448896,-0.000146268,0.012062258,0.263908088,,0.263908088
0.039542001,0.000476,0.012659,0.040282216,-0.000118691,0.01204745,0.291234791,,0.291234791
0.039436001,0.000502,0.012715,0.040057618,-6.97E-05,0.012128047,0.291234791,,0.291234791
0.039303001,0.000544,0.012805,0.039994653,-2.95E-05,0.012186096,0.316504955,,0.316504955
0.039214,0.00055,0.012855,0.039609759,1.92E-05,0.012226016,0.316504955,,0.316504955
0.039142001,0.000531,0.012895,0.039493569,0.000102109,0.012317477,0.338998318,,0.338998318
0.03906,0.000573,0.012938,0.039247746,0.000161647,0.012356214,0.338998318,,0.338998318
0.038989998,0.000596,0.01298,0.039062366,0.000179259,0.012494687,0.358475089,,0.358475089
0.038934,0.00062,0.01304,0.039131211,0.000179686,0.012529254,0.358475089,,0.358475089
0.038897,0.000625,0.013047,0.039122856,0.000140805,0.01250533,0.375089198,,0.375089198
0.038880002,0.000598,0.013044,0.03906065,0.000158703,0.012590395,0.375089198,,0.375089198
0.038821001,0.000652,0.013113,0.038910298,0.000210662,0.012677682,0.388638735,,0.388638735
0.038743999,0.0007,0.013158,0.038865258,0.000299671,0.012732276,0.388638735,,0.388638735
0.038708001,0.00068,0.013171,0.038736603,0.000325837,0.012841524,0.394969672,,0.394969672
0.038612999,0.000732,0.013231,0.038609804,0.000425979,0.012863221,0.394969672,,0.394969672
0.038541,0.000761,0.013253,0.038467868,0.00049056,0.012991005,0.394083798,,0.394083798
0.038449999,0.000846,0.013336,0.038408765,0.000570013,0.013011303,0.394083798,,0.394083798
0.038389001,0.000858,0.013375,0.038418158,0.000628538,0.013130671,0.388989568,,0.388989568
0.038295999,0.000932,0.013457,0.03835695,0.000658125,0.013228637,0.388989568,,0.388989568
0.038256001,0.000894,0.013502,0.038220437,0.000687757,0.013279921,0.389541894,,0.389541894
0.038152002,0.000958,0.013624,0.038043751,0.00074861,0.013382265,0.389541894,,0.389541894
0.038091999,0.000944,0.013707,0.037922505,0.000812527,0.013440121,0.397606373,,0.397606373
0.038012002,0.000957,0.01384,0.03761958,0.000832069,0.013516123,0.397606373,,0.397606373
0.037909999,0.001011,0.013929,0.03734874,0.000941158,0.013595971,0.41409266,,0.41409266
0.037819002,0.001068,0.014009,0.037037543,0.001023348,0.013679005,0.41409266,,0.41409266
0.037737999,0.001096,0.014055,0.037023511,0.001057943,0.013692143,0.434754819,,0.434754819
0.037604,0.001113,0.014148,0.037035433,0.001063966,0.01375663,0.434754819,,0.434754819
0.037424002,0.001105,0.014249,0.037047552,0.001078139,0.013801331,0.456164747,,0.456164747
0.037269,0.001076,0.014309,0.037107856,0.001064744,0.01380741,0.456164747,,0.456164747
0.037105002,0.001046,0.014355,0.036986524,0.001045499,0.013838617,0.476996422,,0.476996422
0.036993999,0.001023,0.014406,0.036801216,0.001123449,0.01390613,0.476996422,,0.476996422
0.036853999,0.001093,0.014497,0.036875859,0.001176295,0.013967911,0.49649632,,0.49649632
0.036764,0.001116,0.014536,0.036888901,0.001142037,0.013974343,0.49649632,,0.49649632
0.036750998,0.001096,0.014526,0.037046902,0.001184412,0.014025968,0.515800834,,0.515800834
0.036750998,0.001106,0.014539,0.03687942,0.00126484,0.014161055,0.515800834,,0.515800834
0.036770001,0.001087,0.014523,0.036734963,0.001329115,0.014213489,0.533231437,,0.533231437
0.036759,0.001119,0.014549,0.036653176,0.001359145,0.014215854,0.533231437,,0.533231437
0.036796998,0.001067,0.014557,0.036578514,0.00142565,0.014348634,0.548728943,,0.548728943
0.036741,0.001178,0.014684,0.036614499,0.001396208,0.014342779,0.548728943,,0.548728943
0.03672,0.001143,0.014712,0.036391148,0.001367205,0.014412322,0.557684422,,0.557684422
0.036595002,0.001181,0.014823,0.03616568,0.001340979,0.014491653,0.557684422,,0.557684422
0.036364,0.001304,0.014983,0.035884642,0.0014652,0.014627973,0.555872262,,0.555872262
0.036049001,0.001463,0.015145,0.035875185,0.001515127,0.014751482,0.555872262,,0.555872262
0.035737,0.001593,0.015294,0.035642172,0.001553887,0.01480143,0.547199607,,0.547199607
0.035383999,0.001818,0.01544,0.035337294,0.001605992,0.014926924,0.547199607,,0.547199607
0.035085,0.002059,0.01557,0.035103656,0.00162338,0.014949896,0.534898996,,0.534898996
0.034717001,0.002344,0.015698999,0.034904943,0.001762595,0.015092859,0.534898996,,0.534898996
0.034437001,0.002538,0.015835,0.034878783,0.001752816,0.015147923,0.521046817,,0.521046817
0.034201998,0.002631,0.015947999,0.034724568,0.001700572,0.015192304,0.521046817,,0.521046817
0.033952001,0.002697,0.016094999,0.034548235,0.001804218,0.015362577,0.515354156,,0.515354156
0.033778001,0.002729,0.016186999,0.034533073,0.00185535,0.015342618,0.515354156,,0.515354156
0.033673,0.002751,0.016236,0.034512577,0.001915749,0.01544307,0.514941037,,0.514941037
0.033684999,0.002633,0.016194999,0.034471302,0.001924498,0.015408884,0.514941037,,0.514941037
0.033597998,0.002683,0.016275,0.034367597,0.001953837,0.015443445,0.53293997,,0.53293997
0.033528998,0.002686,0.016340001,0.034360695,0.002024083,0.015549629,0.53293997,,0.53293997
0.033482999,0.002631,0.016396999,0.034114691,0.00212489,0.015699711,0.560926855,,0.560926855
0.033411998,0.002577,0.016434999,0.034061617,0.002268393,0.015773038,0.560926855,,0.560926855
0.033319,0.002553,0.016473001,0.034034172,0.002373337,0.015912813,0.590019941,,0.590019941
0.033177,0.00255,0.016557001,0.033930278,0.00246427,0.01604629,0.590019941,,0.590019941
0.033078998,0.002513,0.01663,0.03372019,0.002459592,0.016059417,0.615934253,,0.615934253
0.032969002,0.002524,0.016697001,0.033614158,0.002581804,0.016127676,0.615934253,,0.615934253
0.032799002,0.002541,0.016812,0.033498213,0.00286527,0.016212262,0.637708426,,0.637708426
0.032651,0.00256,0.016909,0.033265034,0.002980859,0.016328937,0.637708426,,0.637708426
0.032476,0.002623,0.017011,0.033087457,0.003121006,0.016410573,0.656008124,,0.656008124
0.032423001,0.002561,0.017007001,0.032854384,0.003152905,0.016515428,0.656008124,,0.656008124
0.032382,0.002582,0.017002,0.03280984,0.003188825,0.016558954,0.694399774,,0.694399774
0.032347001,0.002631,0.017008999,0.032694823,0.003224496,0.016700683,0.694399774,,0.694399774
0.032338999,0.002634,0.017036,0.032570365,0.003323743,0.016823276,0.744737685,,0.744737685
0.032350998,0.002619,0.017039999,0.032604032,0.003458511,0.016889728,0.744737685,,0.744737685
0.032345001,0.002638,0.017045001,0.032658217,0.003429033,0.016954438,0.807529092,,0.807529092
0.032349002,0.002662,0.017036,0.032612206,0.003314193,0.017049011,0.807529092,,0.807529092
0.032379001,0.00264,0.016996,0.032617361,0.003226333,0.017079376,0.874667764,,0.874667764
0.032398,0.002685,0.016961999,0.032721326,0.003239654,0.017163592,0.874667764,,0.874667764
0.032489002,0.002666,0.01692,0.032780841,0.003208887,0.017174048,0.928523421,,0.928523421
0.032528002,0.002654,0.016933,0.032451038,0.003079173,0.017167348,0.928523421,,0.928523421
0.032547001,0.002621,0.016945999,0.032242463,0.003213267,0.017243231,0.971993208,,0.971993208
0.032556999,0.002625,0.016942,0.032104031,0.003317621,0.017423031,0.971993208,,0.971993208
0.032568999,0.00261,0.016930001,0.032020643,0.00326462,0.017458351,1.002225876,,1.002225876
0.032554001,0.002637,0.016933,0.032175306,0.003237409,0.017446761,1.002225876,,1.002225876
0.032575998,0.0026,0.016890001,0.031931566,0.003164543,0.017454773,1.017626405,,1.017626405
0.032597002,0.002574,0.016852999,0.031880429,0.003216786,0.017527171,1.017626405,,1.017626405
0.032623,0.00254,0.016806001,0.031880502,0.003261197,0.017551482,1.016999125,,1.016999125
0.032671001,0.002532,0.016778,0.031808443,0.003306308,0.017563942,1.016999125,,1.016999125
0.032756999,0.002493,0.016690999,0.031748031,0.003313994,0.017617865,1.005029321,,1.005029321
0.032799002,0.00249,0.016674999,0.031863364,0.003165127,0.017529441,1.005029321,,1.005029321
0.032853998,0.002507,0.016626,0.032096883,0.003135344,0.017415751,0.980466723,,0.980466723
0.032970998,0.002479,0.016511999,0.031955047,0.00306846,0.017473121,0.980466723,,0.980466723
0.033041,0.002522,0.016449001,0.031881714,0.003025657,0.017460713,0.949237287,,0.949237287
0.033190001,0.002445,0.016295001,0.031728816,0.003106182,0.017540232,0.949237287,,0.949237287
0.033420999,0.002349,0.016097,0.031625826,0.003104503,0.017640297,0.91542244,,0.91542244
0.033907,0.002116,0.015758,0.031790138,0.003029896,0.0176031,0.91542244,,0.91542244
0.034371998,0.001825,0.015437,0.031801552,0.003105848,0.01762475,0.88169384,,0.88169384
0.034883998,0.001432,0.015105,0.031665936,0.003034957,0.017598014,0.88169384,,0.88169384
0.035372,0.001045,0.014793,0.031635416,0.003074776,0.017586378,0.832102716,,0.832102716
